NAME,WDPA_ID,WDPA_PID,STATUS,STATUS ID,country,region,COUNTRYID,AnyApe,Napes,PT,GG,GB,Ppa,PP,PA,GREATAPEID,scholar_5.13,area,status_yr,age,Query
Cacongo,#N/A,,Forest Reserve,2,AGO,Africa,1,1,2,1,1,0,0,0,0,10,2,NA,NA,NA,"""Cacongo Forest Reserve"""
Bicuar,350,,National Park,1,AGO,Africa,1,0,0,0,0,0,0,0,0,2,11,7900,1964,49,"""Bicuar National Park"""
Cameia,349,,National Park,1,AGO,Africa,1,0,0,0,0,0,0,0,0,2,10,14450,1938,75,"""Cameia National Park"""
Cangandala,351,,National Park,1,AGO,Africa,1,0,0,0,0,0,0,0,0,2,13,630,1970,43,"""Cangandala National Park"""
Iona,347,,National Park,1,AGO,Africa,1,0,0,0,0,0,0,0,0,2,53,15920,1964,49,"""Iona National Park"""
Kissama,348,,National Park,1,AGO,Africa,1,0,0,0,0,0,0,0,0,2,12,12000,1957,56,"""Kissama National Park"""
Mupa,2249,,National Park,1,AGO,Africa,1,0,0,0,0,0,0,0,0,2,14,6600,1964,49,"""Mupa National Park"""
Luando,3066,,Nature Reserve,2,AGO,Africa,1,0,0,0,0,0,0,0,0,2,0,8280,1957,56,"""Luando Nature Reserve"""
Namibe,300291,,Regional Nature Park,2,AGO,Africa,1,0,0,0,0,0,0,0,0,2,0,4604,1973,40,"""Namibe Regional Nature Park"""
Kibira,9161,,National Park,1,BDI,Africa,2,1,2,1,0,1,0,0,0,8,97,400,1934,79,"""Kibira National Park"""
Rusizi,9162,,National Park,1,BDI,Africa,2,0,0,0,0,0,0,0,0,2,31,90,1980,33,"""Rusizi National Park"""
Ruvubu,9160,,National Park,1,BDI,Africa,2,0,0,0,0,0,0,0,0,2,42,508,1980,33,"""Ruvubu National Park"""
Chutes de Karera,9168,,Nature Monument,2,BDI,Africa,2,0,0,0,0,0,0,0,0,1,0,1,1980,33,"""Chutes de Karera Nature Monument"""
Nyakazu Gorge,9167,,Nature Monument,2,BDI,Africa,2,0,0,0,0,0,0,0,0,1,0,7,1980,33,"""Nyakazu Gorge Nature Monument"""
Bururi Forest,9164,,Nature Reserve,2,BDI,Africa,2,1,1,1,0,0,0,0,0,8,3,33,1951,62,"""Bururi Forest Nature Reserve"""
Gisagara,61707,,Nature Reserve,2,BDI,Africa,2,0,0,0,0,0,0,0,0,2,0,110,1993,20,"""Gisagara Nature Reserve"""
Kigwena Forest,9166,,Nature Reserve,2,BDI,Africa,2,1,1,1,0,0,0,0,0,8,0,8,1954,59,"""Kigwena Forest Nature Reserve"""
Lac Rwihinda,9163,,Nature Reserve,2,BDI,Africa,2,0,0,0,0,0,0,0,0,2,0,80,1959,54,"""Lac Rwihinda Nature Reserve"""
Makamba,101433,,Nature Reserve,2,BDI,Africa,2,1,1,1,0,0,0,0,0,8,0,120,1996,17,"""Makamba Nature Reserve"""
Monge Forest,28464,,Nature Reserve,2,BDI,Africa,2,0,0,0,0,0,0,0,0,1,0,50,1989,24,"""Monge Forest Nature Reserve"""
Rumonge,9165,,Nature Reserve,2,BDI,Africa,2,1,1,1,0,0,0,0,0,8,1,50,1980,33,"""Rumonge Nature Reserve"""
Vyanda Forest,101434,,Nature Reserve,2,BDI,Africa,2,1,1,1,0,0,0,0,0,8,0,6,1980,33,"""Vyanda Forest Nature Reserve"""
Mabanda/Nyanza-Lake,317143,,Protected Landscapes,2,BDI,Africa,2,1,1,1,0,0,0,0,0,8,0,35,2000,13,"""Mabanda/Nyanza-Lake Protected Landscapes"""
Mukungu-Rukamabasi,317142,,Protected Landscapes,2,BDI,Africa,2,1,1,1,0,0,0,0,0,8,0,50,2000,13,"""Mukungu-Rukamabasi Protected Landscapes"""
Abong-Mbang,146631,,Forest Reserve,2,CMR,Africa,3,1,2,1,1,0,0,0,0,10,1,NA,NA,NA,"""Abong-Mbang Forest Reserve"""
Ako,36476,,Forest Reserve,2,CMR,Africa,3,1,1,1,0,0,0,0,0,8,0,NA,NA,NA,"""Ako Forest Reserve"""
Babules,146628,,Forest Reserve,2,CMR,Africa,3,0,0,0,0,0,0,0,0,2,0,NA,NA,NA,"""Babules Forest Reserve"""
Bafut Ngemba,478176,,Forest Reserve,2,CMR,Africa,3,0,0,0,0,0,0,0,0,2,27,37,2004,9,"""Bafut Ngemba Forest Reserve"""
Bambuko,317164,,Forest Reserve,2,CMR,Africa,3,0,0,0,0,0,0,0,0,2,16,242,NA,NA,"""Bambuko Forest Reserve"""
Boumba - Bek,30675,,Forest Reserve,2,CMR,Africa,3,1,1,1,0,0,0,0,0,8,4,6116,2001,12,"""Boumba - Bek Forest Reserve"""
Ejagham,317159,,Forest Reserve,2,CMR,Africa,3,1,1,1,0,0,0,0,0,8,60,811,NA,NA,"""Ejagham Forest Reserve"""
Etinde,93792,,Forest Reserve,2,CMR,Africa,3,1,1,1,0,0,0,0,0,8,46,186,NA,NA,"""Etinde Forest Reserve"""
Fungom,146627,,Forest Reserve,2,CMR,Africa,3,1,1,1,0,0,0,0,0,8,7,333,NA,NA,"""Fungom Forest Reserve"""
Kom-Wum,#N/A,,Forest Reserve,2,CMR,Africa,3,1,1,1,0,0,0,0,0,8,3,NA,NA,NA,"""Kom-Wum Forest Reserve"""
Ma'an/Boucles du Ntem,146629,,Forest Reserve,2,CMR,Africa,3,0,0,0,0,0,0,0,0,2,0,NA,NA,NA,"""Ma'an/Boucles du Ntem Forest Reserve"""
Mbambe,146626,,Forest Reserve,2,CMR,Africa,3,1,1,1,0,0,0,0,0,8,0,286,NA,NA,"""Mbambe Forest Reserve"""
Mokoko River,317163,,Forest Reserve,2,CMR,Africa,3,0,0,0,0,0,0,0,0,2,47,94,NA,NA,"""Mokoko River Forest Reserve"""
Mone,#N/A,,Forest Reserve,2,CMR,Africa,3,1,2,1,1,0,0,0,0,10,49,NA,NA,NA,"""Mone Forest Reserve"""
Mongokele,146630,,Forest Reserve,2,CMR,Africa,3,0,0,0,0,0,0,0,0,2,1,NA,NA,NA,"""Mongokele Forest Reserve"""
Mount Oku,317158,,Forest Reserve,2,CMR,Africa,3,0,0,0,0,0,0,0,0,2,1,49,NA,NA,"""Mount Oku Forest Reserve"""
Nta Ali,317160,,Forest Reserve,2,CMR,Africa,3,0,0,0,0,0,0,0,0,2,30,307,NA,NA,"""Nta Ali Forest Reserve"""
Rumpi Hills,20117,,Forest Reserve,2,CMR,Africa,3,1,1,1,0,0,0,0,0,8,24,457,NA,NA,"""Rumpi Hills Forest Reserve"""
South Bakundu,317162,,Forest Reserve,2,CMR,Africa,3,0,0,0,0,0,0,0,0,2,12,188,NA,NA,"""South Bakundu Forest Reserve"""
Bakossi Mountains,308633,,National Park,1,CMR,Africa,3,1,1,1,0,0,0,0,0,8,2,357,NA,NA,"""Bakossi Mountains National Park"""
Benoue,607,,National Park,1,CMR,Africa,3,0,0,0,0,0,0,0,0,2,198,1666,1968,45,"""Benoue National Park"""
Boubandjidah,#N/A,,National Park,1,CMR,Africa,3,0,0,0,0,0,0,0,0,2,35,NA,NA,NA,"""Bouba Ndjidah National Park"""
Campo - Ma'an,1242,,National Park,1,CMR,Africa,3,1,2,1,1,0,0,0,0,10,188,NA,NA,NA,"""Campo - Ma'an National Park"""
Deng Deng,555547995,,National Park,1,CMR,Africa,3,1,2,1,1,0,0,0,0,10,4,NA,NA,NA,"""Deng Deng National Park"""
Faro,1241,,National Park,1,CMR,Africa,3,0,0,0,0,0,0,0,0,2,36,3418,1980,33,"""Faro National Park"""
Kalamaloue,609,,National Park,1,CMR,Africa,3,0,0,0,0,0,0,0,0,2,43,67,1972,41,"""Kalamalou_ National Park"""
Korup,20058,,National Park,1,CMR,Africa,3,1,1,1,0,0,0,0,0,8,1320,1295,1961,52,"""Korup National Park"""
Lobeke,1245,,National Park,1,CMR,Africa,3,1,2,1,1,0,0,0,0,10,151,1839,1974,39,"""Lobeke National Park"""
Mbam et Djerem,20166,,National Park,1,CMR,Africa,3,1,1,1,0,0,0,0,0,8,11,4235,2000,13,"""Mbam et Djerem National Park"""
Mount Cameroon,#N/A,,National Park,1,CMR,Africa,3,1,1,1,0,0,0,0,0,8,16,NA,NA,NA,"""Mount Cameroon National Park"""
Mount Manengouba,308632,,National Park,1,CMR,Africa,3,1,1,1,0,0,0,0,0,8,0,87,NA,NA,"""Mount Manengouba National Park"""
Mozogo-gokoro,610,,National Park,1,CMR,Africa,3,0,0,0,0,0,0,0,0,2,4,17,1968,45,"""Mozogo-gokoro National Park"""
Ndongore,#N/A,,National Park,1,CMR,Africa,3,0,0,0,0,0,0,0,0,2,2,NA,NA,NA,"""Ndongore National Park"""
Nki,30674,,National Park,1,CMR,Africa,3,1,2,1,1,0,0,0,0,10,25,2935,1994,19,"""Nki National Park"""
Parc National de la Benou_,#N/A,,National Park,1,CMR,Africa,3,0,0,0,0,0,0,0,0,2,0,1800,1981,32,"""Parc National de la Benoue National Park"""
Parc National de Waza,2056,,National Park,1,CMR,Africa,3,0,0,0,0,0,0,0,0,2,0,1700,1979,34,"""Parc National de Waza National Park"""
Takamanda,20109,,National Park,1,CMR,Africa,3,1,2,1,1,0,0,0,0,10,41,676,1934,79,"""Takamanda National Park"""
Vallee du Mbere,308637,,National Park,1,CMR,Africa,3,0,0,0,0,0,0,0,0,2,0,945,NA,NA,"""Vallee du Mbere National Park"""
Waza,608,,National Park,1,CMR,Africa,3,0,0,0,0,0,0,0,0,2,464,1407,1968,45,"""Waza National Park"""
Bafia,1627,,Wildlife Reserve,2,CMR,Africa,3,0,0,0,0,0,0,0,0,2,0,323,NA,NA,"""Bafia Wildlife Reserve"""
Dja,1240,,Wildlife Reserve,2,CMR,Africa,3,1,2,1,1,0,0,0,0,10,82,6236,1950,63,"""Dja Wildlife Reserve"""
Douala - Edea,1244,,Wildlife Reserve,2,CMR,Africa,3,1,1,1,0,0,0,0,0,8,28,NA,NA,NA,"""Douala - Edea Wildlife Reserve"""
Ebo,308629,,Wildlife Reserve,2,CMR,Africa,3,1,2,1,1,0,0,0,0,10,0,1417,NA,NA,"""Ebo Wildlife Reserve"""
Kimbi,1246,,Wildlife Reserve,2,CMR,Africa,3,1,1,1,0,0,0,0,0,8,0,52,1964,49,"""Kimbi Wildlife Reserve"""
Lac Ossa,1628,,Wildlife Reserve,2,CMR,Africa,3,0,0,0,0,0,0,0,0,2,0,42,1968,45,"""Lac Ossa Wildlife Reserve"""
Makombe,308627,,Wildlife Reserve,2,CMR,Africa,3,0,0,0,0,0,0,0,0,2,0,355,NA,NA,"""Makombe Wildlife Reserve"""
Mont Nlonako,308631,,Wildlife Reserve,2,CMR,Africa,3,0,0,0,0,0,0,0,0,2,0,641,NA,NA,"""Mont Nlonako Wildlife Reserve"""
Mpem et Djim,308635,,Wildlife Reserve,2,CMR,Africa,3,1,1,1,0,0,0,0,0,8,0,1044,NA,NA,"""Mpem et Djim Wildlife Reserve"""
Santchou,20125,,Wildlife Reserve,2,CMR,Africa,3,0,0,0,0,0,0,0,0,2,1,95,1964,49,"""Santchou Wildlife Reserve"""
Tchabal Mbabo,308628,,Wildlife Reserve,2,CMR,Africa,3,0,0,0,0,0,0,0,0,2,0,3167,NA,NA,"""Tchabal Mbabo Wildlife Reserve"""
Banyang - Mbo,20112,,Wildlife Sanctuary,2,CMR,Africa,3,1,1,1,0,0,0,0,0,8,127,691,1996,17,"""Banyang - Mbo Wildlife Sanctuary"""
Wo' onge,308625,,Wildlife Sanctuary,2,CMR,Africa,3,0,0,0,0,0,0,0,0,2,0,75,NA,NA,"""Wo' onge Wildlife Sanctuary"""
Kagwene Gorilla Sanctuary,354004,,#NULL!,2,CMR,Africa,3,1,1,0,1,0,0,0,0,4,30,NA,NA,NA,"""Kagwene Gorilla Sanctuary"""
Kilum-Ijim Forest,317138,,#NULL!,2,CMR,Africa,3,0,0,0,0,0,0,0,0,2,157,200,1987,26,"""Kilum-Ijim Forest"""
Mengame Gorilla Sanctuary,308636,,#NULL!,2,CMR,Africa,3,1,2,1,1,0,0,0,0,10,12,1218,2001,12,"""Mengame Gorilla Sanctuary"""
Dzanga-Sangha,31459,, Reserve,2,CAF,Africa,4,1,1,0,1,0,0,0,0,4,232,6866,1990,23,"""Dzanga-Sangha  Reserve"""
Bangassou,146632,,Forest Reserve,2,CAF,Africa,4,1,1,1,0,0,0,0,0,8,1,12002,NA,NA,"""Bangassou Forest Reserve"""
Basse-Lobaye,2059,,Forest Reserve,2,CAF,Africa,4,1,2,1,1,0,0,0,0,10,0,182,1977,36,"""Basse-Lobaye Forest Reserve"""
Ngotto,28745,,Forest Reserve,2,CAF,Africa,4,1,2,1,1,0,0,0,0,10,5,730,1998,15,"""Ngotto Forest Reserve"""
Andre-Felix,2258,,National Park,1,CAF,Africa,4,0,0,0,0,0,0,0,0,2,4,952,1960,53,"""Andre-Felix National Park"""
Bamingui-Bangoran,639,,National Park,1,CAF,Africa,4,0,0,0,0,0,0,0,0,2,36,11191,1933,80,"""Bamingui-Bangoran National Park"""
Dzanga-Ndoki,31458,,National Park,1,CAF,Africa,4,1,2,1,1,0,0,0,0,10,331,1143,1990,23,"""Dzanga-Ndoki National Park"""
Manovo-Gounda Saint Floris,2256,,National Park,1,CAF,Africa,4,0,0,0,0,0,0,0,0,2,12,18909,1933,80,"""Manovo-Gounda Saint Floris National Park"""
Mbaere-Bodingue,317281,,National Park,1,CAF,Africa,4,1,2,1,1,0,0,0,0,10,12,872,NA,NA,"""Mbaere-Bodingue"""
Aouk-Aoukale,2555,,Reserve,2,CAF,Africa,4,0,0,0,0,0,0,0,0,2,4,3452,1939,74,"""Aouk-Aoukale Reserve"""
Gribingui-Bamingui,2262,,Reserve,2,CAF,Africa,4,0,0,0,0,0,0,0,0,2,0,4322,1940,73,"""Gribingui-Bamingui Reserve"""
Koukourou-Bamingui,2265,,Reserve,2,CAF,Africa,4,0,0,0,0,0,0,0,0,2,1,1131,1940,73,"""Koukourou-Bamingui Reserve"""
Nana-Barya,2264,,Reserve,2,CAF,Africa,4,0,0,0,0,0,0,0,0,2,0,2314,1952,61,"""Nana-Barya Reserve"""
Ouandja-Vakaga,2260,,Reserve,2,CAF,Africa,4,0,0,0,0,0,0,0,0,2,0,7234,1925,88,"""Ouandja-Vakaga Reserve"""
Yata-Ngaya,2261,,Reserve,2,CAF,Africa,4,0,0,0,0,0,0,0,0,2,1,5405,1960,53,"""Yata-Ngaya Reserve"""
Zemongo,2259,,Reserve,2,CAF,Africa,4,1,1,1,0,0,0,0,0,8,1,13674,1940,73,"""Zemongo Reserve"""
Vassaka-Bolo,#N/A,,Strict Nature Reserv,2,CAF,Africa,4,0,0,0,0,0,0,0,0,2,0,843,1960,53,"""Vassaka-Bolo Strict Nature Reserve"""
Lac T_l_ Likouala-aux-Herbes,#N/A,,Community Reserves,2,COG,Africa,5,1,2,1,1,0,0,0,0,10,0,4390,2001,12,"""Lac Tele Likouala-aux-Herbes Community Reserves"""
M'boko,#N/A,,Hunting Reserve,2,COG,Africa,5,1,2,1,1,0,0,0,0,10,4,NA,NA,NA,"""M'boko Hunting Reserve"""
Mont Mavoumbou,#N/A,,Hunting Reserve,2,COG,Africa,5,0,0,0,0,0,0,0,0,2,0,NA,NA,NA,"""Mont Mavoumbou Hunting Reserve"""
Nyanga Sud,#N/A,,Hunting Reserve,2,COG,Africa,5,0,0,0,0,0,0,0,0,2,0,NA,NA,NA,"""Nyanga Sud Hunting Reserve"""
Bambana-Lekana,#N/A,,National Park,1,COG,Africa,5,0,0,0,0,0,0,0,0,2,3,NA,NA,NA,"""Bambana-Lekana National Park"""
Conkouati Douli,#N/A,,National Park,1,COG,Africa,5,0,0,0,0,0,0,0,0,2,84,5050,2007,6,"""Conkouati Douli National Park"""
Nouabal_-Ndoki,#N/A,,National Park,1,COG,Africa,5,1,1,0,1,0,0,0,0,4,450,3866,1993,20,"""Nouabale-Ndoki National Park"""
Odzala-Kokoua,643,,National Park,1,COG,Africa,5,1,2,1,1,0,0,0,0,10,36,13546,1935,78,"""Odzala-Kokoua National Park"""
Dimonika,#N/A,,Wildlife Reserve,2,COG,Africa,5,1,2,1,1,0,0,0,0,10,0,NA,NA,NA,"""Dimonika Wildlife Reserve"""
L_fini,#N/A,,Wildlife Reserve,2,COG,Africa,5,0,0,0,0,0,0,0,0,2,0,NA,NA,NA,"""Lefini Wildlife Reserve"""
Mont Fouari,#N/A,,Wildlife Reserve,2,COG,Africa,5,0,0,0,0,0,0,0,0,2,2,NA,NA,NA,"""Mont Fouari Wildlife Reserve"""
Nyanga Nord,#N/A,,Wildlife Reserve,2,COG,Africa,5,0,0,0,0,0,0,0,0,2,0,NA,NA,NA,"""Nyanga Nord Wildlife Reserve"""
Tsoulou,2270,,Wildlife Reserve,2,COG,Africa,5,0,0,0,0,0,0,0,0,2,0,300,1963,50,"""Tsoulou Wildlife Reserve"""
Sanctuaire de Chimpanz_s de Tc,#N/A,,#NULL!,2,COG,Africa,5,1,1,1,0,0,0,0,0,8,0,NA,NA,NA,"""Sanctuaire de Chimpanzes de Tc"""
Sanctuaire de Gorille de Lesio,#N/A,,#NULL!,2,COG,Africa,5,0,0,0,0,0,0,0,0,2,0,NA,NA,NA,"""Sanctuaire de Gorille de Lesio"""
Sanctuaire des Gorilles de Los,#N/A,,#NULL!,2,COG,Africa,5,1,2,1,1,0,0,0,0,10,0,NA,NA,NA,"""Sanctuaire des Gorilles de Los"""
Sanctuaires des Chimpanz_s HEL,#N/A,,#NULL!,2,COG,Africa,5,1,2,1,1,0,0,0,0,10,0,NA,NA,NA,"""Sanctuaires des Chimpanzes HEL"""
Haut Bandama,1293,,Fauna and Flora Reserve,2,CIV,Africa,6,1,1,1,0,0,0,0,0,8,0,1230,1973,40,"""Haut Bandama Fauna and Flora Reserve"""
Azagny,7522,,National Park,1,CIV,Africa,6,1,1,1,0,0,0,0,0,8,37,NA,NA,NA,"""Azagny National Park"""
Banco,725,,National Park,1,CIV,Africa,6,1,1,1,0,0,0,0,0,8,68,35,NA,NA,"""Banco National Park"""
Comoe,7523,,National Park,1,CIV,Africa,6,1,1,1,0,0,0,0,0,8,530,11500,1926,87,"""Comoe National Park"""
Iles Ehotile,20174,,National Park,1,CIV,Africa,6,0,0,0,0,0,0,0,0,2,0,273,NA,NA,"""Iles Ehotile National Park"""
Marahoue,722,,National Park,1,CIV,Africa,6,1,1,1,0,0,0,0,0,8,61,1010,1968,45,"""Marahoue National Park"""
Mont Peko,724,,National Park,1,CIV,Africa,6,1,1,1,0,0,0,0,0,8,7,340,1968,45,"""Mont Peko National Park"""
Mont Sangbe,723,,National Park,1,CIV,Africa,6,1,1,1,0,0,0,0,0,8,4,950,1976,37,"""Mont Sangbe National Park"""
Tai,721,,National Park,1,CIV,Africa,6,1,1,1,0,0,0,0,0,8,1220,3500,1973,40,"""Tai National Park"""
Abumonbazi,#N/A,,Forest Reserve,2,COD,Africa,7,1,1,1,0,0,0,0,0,8,0,5726,NA,NA,"""Abumonbazi Forest Reserve"""
Bakano,#N/A,,Forest Reserve,2,COD,Africa,7,1,2,1,0,1,0,0,0,9,2,NA,NA,NA,"""Bakano Forest Reserve"""
Lomako,555512077,,Forest Reserve,2,COD,Africa,7,1,1,0,0,0,1,0,0,7,12,3602,NA,NA,"""Lomako Forest Reserve"""
Maniema,#N/A,,Forest Reserve,2,COD,Africa,7,1,1,1,0,0,0,0,0,8,0,NA,NA,NA,"""Maniema Forest Reserve"""
Tayna Gorilla Reserve,#N/A,,Gorilla Reserve,2,COD,Africa,7,1,2,1,0,1,0,0,0,9,27,NA,NA,NA,"""Tayna Gorilla Reserve"""
Bili-U_r_,#N/A,,Hunting Reserve,2,COD,Africa,7,1,1,1,0,0,0,0,0,8,3,32748,NA,NA,"""Bili-Uere Hunting Reserve"""
Bombo Lumene,#N/A,,Hunting Reserve,2,COD,Africa,7,0,0,0,0,0,0,0,0,2,0,2168,NA,NA,"""Bombo Lumene Hunting Reserve"""
Bushimaie,#N/A,,Hunting Reserve,2,COD,Africa,7,0,0,0,0,0,0,0,0,2,0,4369,NA,NA,"""Bushimaie Hunting Reserve"""
Gangala-na-Bodio,20327,,Hunting Reserve,2,COD,Africa,7,1,1,1,0,0,0,0,0,8,2,9829,NA,NA,"""Gangala-na-Bodio Hunting Reserve"""
Luama,#N/A,,Hunting Reserve,2,COD,Africa,7,1,1,1,0,0,0,0,0,8,2,3900,NA,NA,"""Luama Hunting Reserve"""
Lubudi Samppa,#N/A,,Hunting Reserve,2,COD,Africa,7,0,0,0,0,0,0,0,0,2,0,3489,NA,NA,"""Lubudi Samppa Hunting Reserve"""
Maika-Penge,#N/A,,Hunting Reserve,2,COD,Africa,7,1,1,1,0,0,0,0,0,8,0,1499,NA,NA,"""Maika-Penge Hunting Reserve"""
Mangai,#N/A,,Hunting Reserve,2,COD,Africa,7,0,0,0,0,0,0,0,0,2,0,1903,NA,NA,"""Mangai Hunting Reserve"""
Mondo-Missa,#N/A,,Hunting Reserve,2,COD,Africa,7,1,1,1,0,0,0,0,0,8,0,NA,NA,NA,"""Mondo-Missa Hunting Reserve"""
Rubi Tele,29685,,Hunting Reserve,2,COD,Africa,7,1,1,1,0,0,0,0,0,8,3,6191,NA,NA,"""Rubi Tele Hunting Reserve"""
Swa-Kibula,#N/A,,Hunting Reserve,2,COD,Africa,7,0,0,0,0,0,0,0,0,2,0,1004,NA,NA,"""Swa-Kibula Hunting Reserve"""
Parc Marin des Mangroves,555512069,,Marine Park,2,COD,Africa,7,0,0,0,0,0,0,0,0,2,0,216,NA,NA,"""Parc Marin des Mangroves Marine Park"""
Garamba,4327,,National Park,1,COD,Africa,7,1,1,1,0,0,0,0,0,8,668,4920,1980,33,"""Garamba National Park"""
Kahuzi-Biega,4328,,National Park,1,COD,Africa,7,1,2,1,0,1,0,0,0,9,922,6000,1980,33,"""Kahuzi-Biega National Park"""
Kundelungu,1084,,National Park,1,COD,Africa,7,0,0,0,0,0,0,0,0,2,17,8236,NA,NA,"""Kundelungu National Park"""
Ma_ko,#N/A,,National Park,1,COD,Africa,7,1,2,1,0,1,0,0,0,9,89,10886,NA,NA,"""Maiko National Park"""
Salonga,10906,,National Park,1,COD,Africa,7,1,1,0,0,0,1,0,0,7,411,36000,1984,29,"""Salonga National Park"""
Upemba,1079,,National Park,1,COD,Africa,7,0,0,0,0,0,0,0,0,2,179,13674,NA,NA,"""Upemba National Park"""
Virunga,2017,,National Park,1,COD,Africa,7,1,2,1,0,1,0,0,0,9,914,7769,NA,NA,"""Virunga National Park"""
Wamba,36735,,Scientific Reserve,2,COD,Africa,7,1,1,0,0,0,0,1,0,6,1,NA,NA,NA,"""Wamba Scientific Reserve"""
Okapi,124389,,Wildlife Reserve,2,COD,Africa,7,1,1,1,0,0,0,0,0,8,189,13726,1996,17,"""Okapi Wildlife Reserve"""
Altos de Nsork,20268,,National Park,1,GNQ,Africa,8,1,2,1,1,0,0,0,0,10,4,700,2000,13,"""Altos de Nsork National Park"""
Monte Al_n,#N/A,,National Park,1,GNQ,Africa,8,1,2,1,1,0,0,0,0,10,80,2000,1990,23,"""Monte Al_n National Park"""
Pico de Basil_,#N/A,,National Park,1,GNQ,Africa,8,1,2,1,1,0,0,0,0,10,0,330,2000,13,"""Pico de Basil_ National Park"""
Piedra Bere,313359,,Natural Monument,2,GNQ,Africa,8,1,2,1,1,0,0,0,0,10,1,NA,2000,13,"""Piedra Bere Natural Monument"""
Piedra Nzas,313360,,Natural Monument,2,GNQ,Africa,8,1,2,1,1,0,0,0,0,10,4,190,2000,13,"""Piedra Nzas Natural Monument"""
Annob_n,#N/A,,Natural Reserve,2,GNQ,Africa,8,1,2,1,1,0,0,0,0,10,0,510,2000,13,"""Annob_n Natural Reserve"""
Corisco y Elobeyes,#N/A,,Natural Reserve,2,GNQ,Africa,8,0,0,0,0,0,0,0,0,2,0,NA,NA,NA,"""Corisco y Elobeyes Natural Reserve"""
Estuario del Muni,20260,,Natural Reserve,2,GNQ,Africa,8,1,2,1,1,0,0,0,0,10,0,800,NA,NA,"""Estuario del Muni Natural Reserve"""
Monte Temel_n,#N/A,,Natural Reserve,2,GNQ,Africa,8,1,2,1,1,0,0,0,0,10,0,230,2000,13,"""Monte Temel_n Natural Reserve"""
Punta Llende,#N/A,,Natural Reserve,2,GNQ,Africa,8,1,2,1,1,0,0,0,0,10,0,NA,NA,NA,"""Punta Llende Natural Reserve"""
Rio Campo,#N/A,,Natural Reserve,2,GNQ,Africa,8,1,2,1,1,0,0,0,0,10,0,330,NA,NA,"""Rio Campo Natural Reserve"""
Isla de Annob_n,#N/A,,Reserve,2,GNQ,Africa,8,0,0,0,0,0,0,0,0,2,0,NA,NA,NA,"""Isla de Annob_n Reserve"""
Caldera de Luba,313354,,Scientific Reserve,2,GNQ,Africa,8,1,2,1,1,0,0,0,0,10,4,NA,NA,NA,"""Caldera de Luba Scientific Reserve"""
Playa Nendyi,#N/A,,Scientific Reserve,2,GNQ,Africa,8,1,2,1,1,0,0,0,0,10,1,NA,NA,NA,"""Playa Nendyi Scientific Reserve"""
Iguela,28846,,Hunting Area,2,GAB,Africa,9,1,2,1,1,0,0,0,0,10,0,798,1966,47,"""Iguela Hunting Area"""
Ngove-Ndogo,28844,,Hunting Area,2,GAB,Africa,9,1,2,1,1,0,0,0,0,10,0,2782,1966,47,"""Ngove-Ndogo Hunting Area"""
Akanda,#N/A,,National Park,1,GAB,Africa,9,1,1,1,0,0,0,0,0,8,10,540,NA,NA,"""Akanda National Park"""
Biringou,303872,,National Park,1,GAB,Africa,9,1,2,1,1,0,0,0,0,10,0,690,2002,11,"""Biringou National Park"""
Ivindo,303873,,National Park,1,GAB,Africa,9,1,2,1,1,0,0,0,0,10,70,3002,2002,11,"""Ivindo National Park"""
Loango,#N/A,,National Park,1,GAB,Africa,9,1,2,1,1,0,0,0,0,10,230,NA,NA,NA,"""Loango National Park"""
Lop_,#N/A,,National Park,1,GAB,Africa,9,1,2,1,1,0,0,0,0,10,70,4956,2002,11,"""Lop_ National Park"""
Mayumba,#N/A,,National Park,1,GAB,Africa,9,1,2,1,1,0,0,0,0,10,45,NA,NA,NA,"""Mayumba National Park"""
Minkebe,72324,,National Park,1,GAB,Africa,9,1,2,1,1,0,0,0,0,10,36,7573,2002,11,"""Minkebe National Park"""
Monts de Cristal,306237,,National Park,1,GAB,Africa,9,1,2,1,1,0,0,0,0,10,16,2400,2002,11,"""Monts de Cristal National Park"""
Moukalaba Doudou,303877,,National Park,1,GAB,Africa,9,1,2,1,1,0,0,0,0,10,82,4504,2002,11,"""Moukalaba Doudou National Park"""
Mwagne,303878,,National Park,1,GAB,Africa,9,1,2,1,1,0,0,0,0,10,5,NA,NA,NA,"""Mwagne National Park"""
Petit Loango,#N/A,,National Park,1,GAB,Africa,9,1,2,1,1,0,0,0,0,10,3,NA,NA,NA,"""Petit Loango National Park"""
Plateaux Bat_k_,#N/A,,National Park,1,GAB,Africa,9,1,1,1,0,0,0,0,0,8,9,2035,2002,11,"""Plateaux Bateke National Park"""
Pongara,#N/A,,National Park,1,GAB,Africa,9,1,1,1,0,0,0,0,0,8,55,NA,NA,NA,"""Pongara National Park"""
Waka,303880,,National Park,1,GAB,Africa,9,1,2,1,1,0,0,0,0,10,28,1069,2002,11,"""Waka National Park"""
Sette-Cama,#N/A,,Nature Reserve,2,GAB,Africa,9,1,2,1,1,0,0,0,0,10,1,NA,NA,NA,"""Sette-Cama Nature Reserve"""
Monts Doudou,166788,,Reserve,2,GAB,Africa,9,1,2,1,1,0,0,0,0,10,5,3320,1998,15,"""Monts Doudou Reserve"""
Wonga-Wongu_,#N/A,,Reserve,2,GAB,Africa,9,1,2,1,1,0,0,0,0,10,9,NA,NA,NA,"""Wonga-Wongue Reserve"""
Ouanga Plain,28840,,Wildlife Reserve,2,GAB,Africa,9,1,2,1,1,0,0,0,0,10,0,109,1966,47,"""Ouanga Plain Wildlife Reserve"""
Boi Tano,#N/A,,Forest Reserve,2,GHA,Africa,10,1,1,1,0,0,0,0,0,8,22,NA,NA,NA,"""Boi Tano Forest Reserve"""
Cape Three Points,40828,,Forest Reserve,2,GHA,Africa,10,0,0,0,0,0,0,0,0,2,12,51,1950,63,"""Cape Three Points Forest Reserve"""
Dadieso,40840,,Forest Reserve,2,GHA,Africa,10,1,1,1,0,0,0,0,0,8,16,171,1977,36,"""Dadieso Forest Reserve"""
Draw River Forest Reserve,#N/A,,Forest Reserve,2,GHA,Africa,10,1,1,1,0,0,0,0,0,8,0,235,1937,76,"""Draw River Forest Reserve Forest Reserve"""
Krokosua Hills,40815,,Forest Reserve,2,GHA,Africa,10,1,1,1,0,0,0,0,0,8,41,482,1935,78,"""Krokosua Hills Forest Reserve"""
Tano-Namiri Forest Reserve,#N/A,,Forest Reserve,2,GHA,Africa,10,1,1,1,0,0,0,0,0,8,0,206,1935,78,"""Tano-Namiri Forest Reserve Forest Reserve"""
Yoyo River,40844,,Forest Reserve,2,GHA,Africa,10,1,1,1,0,0,0,0,0,8,2,236,1932,81,"""Yoyo River Forest Reserve"""
Ankasa,#N/A,,Game Production Reserve,2,GHA,Africa,10,1,1,1,0,0,0,0,0,8,27,518,1934,79,"""Ankasa Game Production Reserve"""
Assin-Attandanso,26463,,Game Production Reserve,2,GHA,Africa,10,0,0,0,0,0,0,0,0,2,11,154,1937,76,"""Assin-Attandanso Game Production Reserve"""
Bunkunaw,303953,,Game Production Rese,2,GHA,Africa,10,0,0,0,0,0,0,0,0,2,0,NA,NA,NA,"""Bunkunaw Game Production Rese"""
Gbele,5153,,Game Production Rese,2,GHA,Africa,10,0,0,0,0,0,0,0,0,2,0,565,1975,38,"""Gbele Game Production Rese"""
Kalakpa,5152,,Game Production Reserve,2,GHA,Africa,10,0,0,0,0,0,0,0,0,2,6,320,1975,38,"""Kalakpa Game Production Reserve"""
Shai Hills,5151,,Game Production Rese,2,GHA,Africa,10,0,0,0,0,0,0,0,0,2,0,49,1971,42,"""Shai Hills Game Production Rese"""
Bia,672,,National Park,1,GHA,Africa,10,1,1,1,0,0,0,0,0,8,284,78,NA,NA,"""Bia National Park"""
Bui,671,,National Park,1,GHA,Africa,10,0,0,0,0,0,0,0,0,2,80,1821,1971,42,"""Bui National Park"""
Digya,670,,National Park,1,GHA,Africa,10,0,0,0,0,0,0,0,0,2,59,3478,1971,42,"""Digya National Park"""
Kakum,26460,,National Park,1,GHA,Africa,10,0,0,0,0,0,0,0,0,2,509,207,1991,22,"""Kakum National Park"""
Kyabobo Range,#N/A,,National Park,1,GHA,Africa,10,0,0,0,0,0,0,0,0,2,14,360,NA,NA,"""Kyabobo Range National Park"""
Mole,669,,National Park,1,GHA,Africa,10,0,0,0,0,0,0,0,0,2,298,4840,1971,42,"""Mole National Park"""
Nini-Suhien,2291,,National Park,1,GHA,Africa,10,1,1,1,0,0,0,0,0,8,32,160,1976,37,"""Nini-Suhien National Park"""
Kogyae,1543,,Strict Nature Reserv,2,GHA,Africa,10,0,0,0,0,0,0,0,0,2,21,386,1971,42,"""Kogyae Strict Nature Reserve"""
Agumatsa,#N/A,,Wildlife Sanctuary,2,GHA,Africa,10,0,0,0,0,0,0,0,0,2,21,3,NA,NA,"""Agumatsa Wildlife Sanctuary"""
Boabeng-Fiema,26462,,Wildlife Sanctuary,2,GHA,Africa,10,0,0,0,0,0,0,0,0,2,8,4,1974,39,"""Boabeng-Fiema Wildlife Sanctuary"""
Bomfobiri,5155,,Wildlife Sanctuary,2,GHA,Africa,10,0,0,0,0,0,0,0,0,2,15,53,1975,38,"""Bomfobiri Wildlife Sanctuary"""
Owabi,5154,,Wildlife Sanctuary,2,GHA,Africa,10,0,0,0,0,0,0,0,0,2,32,13,1971,42,"""Owabi Wildlife Sanctuary"""
Badiar,29069,,National Park,1,GIN,Africa,12,1,1,1,0,0,0,0,0,8,25,382,1985,28,"""Badiar National Park"""
Haut Niger,900717,,National Park,1,GIN,Africa,12,1,1,1,0,0,0,0,0,8,75,6470,2002,11,"""Haut Niger National Park"""
Kamalaya (Kounounkan),#N/A,,Strict Nature Reserv,2,GIN,Africa,12,1,1,1,0,0,0,0,0,8,0,NA,NA,NA,"""Kamalaya (Kounounkan) Strict Nature Reserve"""
Mount Nimba,1295,,Strict Nature Reserv,2,GIN,Africa,12,1,1,1,0,0,0,0,0,8,56,130,1944,69,"""Mount Nimba Strict Nature Reserve"""
Alkatraz,#N/A,,Wildlife Reserve,2,GIN,Africa,12,1,1,1,0,0,0,0,0,8,0,NA,NA,NA,"""Alkatraz Wildlife Reserve"""
Blanche,#N/A,,Wildlife Reserve,2,GIN,Africa,12,1,1,1,0,0,0,0,0,8,0,NA,NA,NA,"""Blanche Wildlife Reserve"""
Cabri,#N/A,,Wildlife Reserve,2,GIN,Africa,12,1,1,1,0,0,0,0,0,8,0,NA,NA,NA,"""Cabri Wildlife Reserve"""
Corail,#N/A,,Wildlife Reserve,2,GIN,Africa,12,1,1,1,0,0,0,0,0,8,0,NA,NA,NA,"""Corail Wildlife Reserve"""
Bo_,#N/A,,Hunting Reserve,2,GNB,Africa,11,1,1,1,0,0,0,0,0,8,0,1315,NA,NA,"""Boe Hunting Reserve"""
Cantanhez Forest,33049,,Hunting Reserve,2,GNB,Africa,11,1,1,1,0,0,0,0,0,8,1,680,1980,33,"""Cantanhez Forest Hunting Reserve"""
Ilha de Cofara,#N/A,,Hunting Reserve,2,GNB,Africa,11,0,0,0,0,0,0,0,0,2,0,NA,NA,NA,"""Ilha de Cofara Hunting Reserve"""
Rio Geba/Rio Mansoa,11612,,Hunting Reserve,2,GNB,Africa,11,0,0,0,0,0,0,0,0,2,0,NA,1980,33,"""Rio Geba/Rio Mansoa Hunting Reserve"""
Joao Vieira - Poilao,#N/A,,Marine National Park,2,GNB,Africa,11,0,0,0,0,0,0,0,0,2,1,NA,NA,NA,"""Joao Vieira - Poilao Marine National Park"""
Dulombi,33050,,National Park,1,GNB,Africa,11,1,1,1,0,0,0,0,0,8,2,1770,1991,22,"""Dulombi National Park"""
Ilhas de Orango,#N/A,,National Park,1,GNB,Africa,11,0,0,0,0,0,0,0,0,2,1,NA,NA,NA,"""Ilhas de Orango National Park"""
Rio Grande de Buba,317051,,Protected Area,2,GNB,Africa,11,0,0,0,0,0,0,0,0,2,0,1108,NA,NA,"""Rio Grande de Buba Protected Area"""
Parc Naturel des Mangroves de,#N/A,,#NULL!,2,GNB,Africa,11,0,0,0,0,0,0,0,0,2,1,NA,NA,NA,"""Parc Naturel des Mangroves de"""
Berbak,#N/A,,National Park,1,IDN,Asia,13,0,0,0,0,0,0,0,0,2,157,NA,NA,NA,"""Berbak National Park"""
Betung Kerihun,8673,,National Park,1,IDN,Asia,13,1,1,0,0,0,0,1,0,6,97,8000,1992,21,"""Betung Kerihun National Park"""
Bukit Baka - Bukit Raya,62496,,National Park,1,IDN,Asia,13,1,1,0,0,0,0,1,0,6,52,1811,1992,21,"""Bukit Baka - Bukit Raya National Park"""
Bukit Barisan Selatan,317208,,National Park,1,IDN,Asia,13,0,0,0,0,0,0,0,0,2,295,516,NA,NA,"""Bukit Barisan Selatan National Park"""
Danau Sentarum,95338,,National Park,1,IDN,Asia,13,1,1,0,0,0,0,1,0,6,150,800,1994,19,"""Danau Sentarum National Park"""
Gunung Leuser,1251,,National Park,1,IDN,Asia,13,1,1,0,0,0,0,0,1,5,825,7927,1980,33,"""Gunung Leuser National Park"""
Gunung Palung,#N/A,,National Park,1,IDN,Asia,13,1,1,0,0,0,0,1,0,6,484,900,NA,NA,"""Gunung Palung National Park"""
Kayan Mentarang,145513,,National Park,1,IDN,Asia,13,0,0,0,0,0,0,0,0,2,315,13605,1996,17,"""Kayan Mentarang National Park"""
Kerinci Seblat,4994,,National Park,1,IDN,Asia,13,0,0,0,0,0,0,0,0,2,720,13750,1999,14,"""Kerinci Seblat National Park"""
Kutai,#N/A,,National Park,1,IDN,Asia,13,1,1,0,0,0,0,1,0,6,399,456,1982,31,"""Kutai National Park"""
Sebangau,317262,,National Park,1,IDN,Asia,13,1,1,0,0,0,0,1,0,6,72,5687,2004,9,"""Sebangau National Park"""
Tanjung Puting,#N/A,,National Park,1,IDN,Asia,13,1,1,0,0,0,0,1,0,6,377,4150,NA,NA,"""Tanjung Puting National Park"""
Way Kambas,#N/A,,National Park,1,IDN,Asia,13,0,0,0,0,0,0,0,0,2,272,1300,NA,NA,"""Way Kambas National Park"""
Aceh Rafflesia I/II Serbojadi,10316,,Nature Reserve,2,IDN,Asia,13,0,0,0,0,0,0,0,0,2,0,3,1936,77,"""Aceh Rafflesia I/II Serbojadi Nature Reserve"""
Bentayan,8978,,Nature Reserve,2,IDN,Asia,13,0,0,0,0,0,0,0,0,2,0,193,1981,32,"""Bentayan Nature Reserve"""
Bukit Tangkiling,1915,,Nature Reserve,2,IDN,Asia,13,1,1,0,0,0,0,1,0,6,1,5,1978,35,"""Bukit Tangkiling Nature Reserve"""
Dangku,8980,,Nature Reserve,2,IDN,Asia,13,0,0,0,0,0,0,0,0,2,0,291,1981,32,"""Dangku Nature Reserve"""
Dolok Sipirok,10312,,Nature Reserve,2,IDN,Asia,13,0,0,0,0,0,0,0,0,2,1,70,1982,31,"""Dolok Sipirok Nature Reserve"""
Gunung Niut,#N/A,,Nature Reserve,2,IDN,Asia,13,1,1,0,0,0,0,1,0,6,1,1800,1982,31,"""Gunung Niut Nature Reserve"""
Gunung Raya Pasi,1913,,Nature Reserve,2,IDN,Asia,13,0,0,0,0,0,0,0,0,2,4,37,1978,35,"""Gunung Raya Pasi Nature Reserve"""
Hutan Pinus/Janthoi,20931,,Nature Reserve,2,IDN,Asia,13,0,0,0,0,0,0,0,0,2,0,80,1984,29,"""Hutan Pinus/Janthoi Nature Reserve"""
Isau-Isau Pasemah,1925,,Nature Reserve,2,IDN,Asia,13,0,0,0,0,0,0,0,0,2,2,121,1978,35,"""Isau-Isau Pasemah Nature Reserve"""
Karang Gading,#N/A,,Nature Reserve,2,IDN,Asia,13,0,0,0,0,0,0,0,0,2,0,NA,NA,NA,"""Karang Gading Nature Reserve"""
Kerumutan,1259,,Nature Reserve,2,IDN,Asia,13,0,0,0,0,0,0,0,0,2,5,1200,1979,34,"""Kerumutan Nature Reserve"""
Mandor,1911,,Nature Reserve,2,IDN,Asia,13,0,0,0,0,0,0,0,0,2,12,20,1937,76,"""Mandor Nature Reserve"""
Muara Kaman Sedulang,1917,,Nature Reserve,2,IDN,Asia,13,0,0,0,0,0,0,0,0,2,1,625,1976,37,"""Muara Kaman Sedulang Nature Reserve"""
Padang Sugihan,10320,,Nature Reserve,2,IDN,Asia,13,0,0,0,0,0,0,0,0,2,4,750,1983,30,"""Padang Sugihan Nature Reserve"""
Pararawen,#N/A,,Nature Reserve,2,IDN,Asia,13,0,0,0,0,0,0,0,0,2,0,62,1979,34,"""Pararawen Nature Reserve"""
Pleihari Martapura,#N/A,,Nature Reserve,2,IDN,Asia,13,0,0,0,0,0,0,0,0,2,1,NA,NA,NA,"""Pleihari Martapura Nature Reserve"""
Pleihari Tanah Laut,#N/A,,Nature Reserve,2,IDN,Asia,13,0,0,0,0,0,0,0,0,2,0,NA,NA,NA,"""Pleihari Tanah Laut Nature Reserve"""
Teluk Kelumpang/Selat Laut/Sel,#N/A,,Nature Reserve,2,IDN,Asia,13,0,0,0,0,0,0,0,0,2,0,NA,NA,NA,"""Teluk Kelumpang/Selat Laut/Sel Nature Reserve"""
Dolok Surungan,1923,,Wildlife Reserve,2,IDN,Asia,13,0,0,0,0,0,0,0,0,2,0,238,1974,39,"""Dolok Surungan Wildlife Reserve"""
Gumai Pasemah,1924,,Wildlife Reserve,2,IDN,Asia,13,0,0,0,0,0,0,0,0,2,1,458,1976,37,"""Gumai Pasemah Wildlife Reserve"""
Gunung Raya,1926,,Wildlife Reserve,2,IDN,Asia,13,0,0,0,0,0,0,0,0,2,0,395,1978,35,"""Gunung Raya Wildlife Reserve"""
Belle,36025,,National Forest,2,LBR,Africa,14,0,0,0,0,0,0,0,0,2,1,656,1978,35,"""Belle National Forest"""
East Nimba,9176,,National Forest,2,LBR,Africa,14,1,1,1,0,0,0,0,0,8,3,96,1960,53,"""East Nimba National Forest"""
Gibi,20176,,National Forest,2,LBR,Africa,14,1,1,1,0,0,0,0,0,8,0,607,1960,53,"""Gibi National Forest"""
Gio,9175,,National Forest,2,LBR,Africa,14,1,1,1,0,0,0,0,0,8,2,328,1960,53,"""Gio National Forest"""
Gola,9171,,National Forest,2,LBR,Africa,14,1,1,1,0,0,0,0,0,8,49,2020,1960,53,"""Gola National Forest"""
Grebo,9170,,National Forest,2,LBR,Africa,14,1,1,1,0,0,0,0,0,8,44,2603,1960,53,"""Grebo National Forest"""
Kpelle,9172,,National Forest,2,LBR,Africa,14,1,1,1,0,0,0,0,0,8,12,1748,1961,52,"""Kpelle National Forest"""
Krahn Bassa,9169,,National Forest,2,LBR,Africa,14,1,1,1,0,0,0,0,0,8,14,5140,1960,53,"""Krahn Bassa National Forest"""
Lorma,28382,,National Forest,2,LBR,Africa,14,1,1,1,0,0,0,0,0,8,22,435,1960,53,"""Lorma National Forest"""
North Gio,36024,,National Forest,2,LBR,Africa,14,1,1,1,0,0,0,0,0,8,0,132,1960,53,"""North Gio National Forest"""
North Lorma,9173,,National Forest,2,LBR,Africa,14,1,1,1,0,0,0,0,0,8,22,712,1959,54,"""North Lorma National Forest"""
West Nimba,20175,,National Forest,2,LBR,Africa,14,1,1,1,0,0,0,0,0,8,2,91,1961,52,"""West Nimba National Forest"""
Yomo,36023,,National Forest,2,LBR,Africa,14,0,0,0,0,0,0,0,0,2,0,26,1959,54,"""Yomo National Forest"""
Cestos-Sankwen,#N/A,,National Park,1,LBR,Africa,14,0,0,0,0,0,0,0,0,2,0,1450,1979,34,"""Cestos-Sankwen National Park"""
Lofa-Mano,36027,,National Park,1,LBR,Africa,14,0,0,0,0,0,0,0,0,2,2,2300,1979,34,"""Lofa-Mano National Park"""
Sapo,7409,,National Park,1,LBR,Africa,14,1,1,1,0,0,0,0,0,8,212,1292,1983,30,"""Sapo National Park"""
Tienpo,36028,,National Park,1,LBR,Africa,14,0,0,0,0,0,0,0,0,2,0,193,1979,34,"""Tienpo National Park"""
Cape Mount,#N/A,,Nature Conservation,2,LBR,Africa,14,0,0,0,0,0,0,0,0,2,0,554,1977,36,"""Cape Mount Nature Conservation"""
Danum Valley,10279,,Conservation Area,2,MYS,Asia,15,1,1,0,0,0,0,1,0,6,402,427,1980,33,"""Danum Valley Conservation Area"""
Maliau Basin,8810,,Conservation Area,2,MYS,Asia,15,1,1,0,0,0,0,1,0,6,81,630,1983,30,"""Maliau Basin Conservation Area"""
Bako,#N/A,,National Park,1,MYS,Asia,15,0,0,0,0,0,0,0,0,2,522,35,1957,56,"""Bako National Park"""
Batang Ai,12250,,National Park,1,MYS,Asia,15,1,1,0,0,0,0,1,0,6,118,252,1991,22,"""Batang Ai National Park"""
Bukit Tawau,#N/A,,National Park,1,MYS,Asia,15,0,0,0,0,0,0,0,0,2,0,NA,NA,NA,"""Bukit Tawau National Park"""
Crocker Range,97991,,National Park,1,MYS,Asia,15,0,0,0,0,0,0,0,0,2,171,33,1984,29,"""Crocker Range National Park"""
Gunung Gading,#N/A,,National Park,1,MYS,Asia,15,0,0,0,0,0,0,0,0,2,41,44,1983,30,"""Gunung Gading National Park"""
Gunung Mulu,#N/A,,National Park,1,MYS,Asia,15,0,0,0,0,0,0,0,0,2,1270,754,NA,NA,"""Gunung Mulu National Park"""
Kinabalu,785,,National Park,1,MYS,Asia,15,1,1,0,0,0,0,1,0,6,547,754,1964,49,"""Kinabalu National Park"""
Kubah,9815,,National Park,1,MYS,Asia,15,0,0,0,0,0,0,0,0,2,92,27,1989,24,"""Kubah National Park"""
Lambir Hills,4056,,National Park,1,MYS,Asia,15,0,0,0,0,0,0,0,0,2,573,83,1975,38,"""Lambir Hills National Park"""
Loagan Bunut,9816,,National Park,1,MYS,Asia,15,0,0,0,0,0,0,0,0,2,65,107,1991,22,"""Loagan Bunut National Park"""
Niah,791,,National Park,1,MYS,Asia,15,0,0,0,0,0,0,0,0,2,137,36,1974,39,"""Niah National Park"""
Similajau,3972,,National Park,1,MYS,Asia,15,0,0,0,0,0,0,0,0,2,68,90,1976,37,"""Similajau National Park"""
Kulamba,#N/A,,Wildlife Reserve,2,MYS,Asia,15,1,1,0,0,0,0,1,0,6,27,204,1984,29,"""Kulamba Wildlife Reserve"""
Tabin,9826,,Wildlife Reserve,2,MYS,Asia,15,1,1,0,0,0,0,1,0,6,226,1106,1984,29,"""Tabin Wildlife Reserve"""
Kinabatangan,#N/A,,Wildlife Sanctuary,2,MYS,Asia,15,1,1,0,0,0,0,1,0,6,109,NA,NA,NA,"""Kinabatangan Wildlife Sanctuary"""
Lanjak-Entimau,1300,,Wildlife Sanctuary,2,MYS,Asia,15,1,1,0,0,0,0,1,0,6,128,1527,1983,30,"""Lanjak-Entimau Wildlife Sanctuary"""
Samunsam,#N/A,,Wildlife Sanctuary,2,MYS,Asia,15,0,0,0,0,0,0,0,0,2,52,61,1979,34,"""Samunsam Wildlife Sanctuary"""
Ansongo M_naka,#N/A,,Animal Reserve,2,MLI,Africa,16,0,0,0,0,0,0,0,0,2,0,17500,1950,63,"""Ansongo Menaka Animal Reserve"""
Sounsan,3213,,Forest Reserve,2,MLI,Africa,16,0,0,0,0,0,0,0,0,2,0,376,1954,59,"""Sounsan Forest Reserve"""
Baoul_,#N/A,,National Park,1,MLI,Africa,16,0,0,0,0,0,0,0,0,2,27,1878,1954,59,"""Baoule National Park"""
Kouroufing,317195,,National Park,1,MLI,Africa,16,0,0,0,0,0,0,0,0,2,2,558,2002,11,"""Kouroufing National Park"""
Wongo,317193,,National Park,1,MLI,Africa,16,1,1,1,0,0,0,0,0,8,0,535,2002,11,"""Wongo National Park"""
Bafing Chimpanzee,#N/A,,Sanctuary,2,MLI,Africa,16,1,1,1,0,0,0,0,0,8,1,672,2002,11,"""Bafing Chimpanzee Sanctuary"""
Badinko,2322,,Wildlife Reserve,2,MLI,Africa,16,0,0,0,0,0,0,0,0,2,0,1378,1951,62,"""Badinko Wildlife Reserve"""
Bafing Makana,#N/A,,Wildlife Reserve,2,MLI,Africa,16,1,1,1,0,0,0,0,0,8,0,1590,NA,NA,"""Bafing Makana Wildlife Reserve"""
Banifing Baoul_,#N/A,,Wildlife Reserve,2,MLI,Africa,16,0,0,0,0,0,0,0,0,2,0,NA,NA,NA,"""Banifing Baoule Wildlife Reserve"""
Fina,2329,,Wildlife Reserve,2,MLI,Africa,16,0,0,0,0,0,0,0,0,2,0,1087,1954,59,"""Fina Wildlife Reserve"""
K_ni_baoul_,#N/A,,Wildlife Reserve,2,MLI,Africa,16,0,0,0,0,0,0,0,0,2,0,675,1954,59,"""K_ni_baoul_ Wildlife Reserve"""
Kongossambougou,2324,,Wildlife Reserve,2,MLI,Africa,16,0,0,0,0,0,0,0,0,2,0,769,1955,58,"""Kongossambougou Wildlife Reserve"""
NienendouGou,#N/A,,Wildlife Reserve,2,MLI,Africa,16,0,0,0,0,0,0,0,0,2,0,NA,NA,NA,"""NienendouGou Wildlife Reserve"""
Siankadougou,#N/A,,Wildlife Reserve,2,MLI,Africa,16,0,0,0,0,0,0,0,0,2,0,NA,NA,NA,"""Siankadougou Wildlife Reserve"""
Talikourou,#N/A,,Wildlife Reserve,2,MLI,Africa,16,0,0,0,0,0,0,0,0,2,0,NA,NA,NA,"""Talikourou Wildlife Reserve"""
Afi River,36919,,Forest Reserve,2,NGA,Africa,17,1,1,1,0,0,0,0,0,8,51,NA,NA,NA,"""Afi River Forest Reserve"""
Edumanon,#N/A,,Forest Reserve,2,NGA,Africa,17,1,1,1,0,0,0,0,0,8,1,66,1975,38,"""Edumanon Forest Reserve"""
Ngel-Nyaki,#N/A,,Forest Reserve,2,NGA,Africa,17,1,1,1,0,0,0,0,0,8,42,NA,NA,NA,"""Ngel-Nyaki Forest Reserve"""
Omo,2280,,Forest Reserve,2,NGA,Africa,17,1,1,1,0,0,0,0,0,8,267,NA,NA,NA,"""Omo Forest Reserve"""
Ribako,36537,,Forest Reserve,2,NGA,Africa,17,0,0,0,0,0,0,0,0,2,0,NA,NA,NA,"""Ribako Forest Reserve"""
Akpaka,36962,,Game Reserve,2,NGA,Africa,17,0,0,0,0,0,0,0,0,2,1,194,NA,NA,"""Akpaka Game Reserve"""
Alawa,7864,,Game Reserve,2,NGA,Africa,17,0,0,0,0,0,0,0,0,2,3,296,1971,42,"""Alawa Game Reserve"""
Anambra,7845,,Game Reserve,2,NGA,Africa,17,0,0,0,0,0,0,0,0,2,4,354,NA,NA,"""Anambra Game Reserve"""
Ankwe River,#N/A,,Game Reserve,2,NGA,Africa,17,0,0,0,0,0,0,0,0,2,0,NA,NA,NA,"""Ankwe River Game Reserve"""
Bakono,7858,,Game Reserve,2,NGA,Africa,17,0,0,0,0,0,0,0,0,2,1,1900,1972,41,"""Bakono Game Reserve"""
Baturiya Wetlands,7872,,Game Reserve,2,NGA,Africa,17,0,0,0,0,0,0,0,0,2,0,297,1976,37,"""Baturiya Wetlands Game Reserve"""
Dagida,7863,,Game Reserve,2,NGA,Africa,17,0,0,0,0,0,0,0,0,2,1,294,1971,42,"""Dagida Game Reserve"""
Ebbe/Kampe,7834,,Game Reserve,2,NGA,Africa,17,0,0,0,0,0,0,0,0,2,0,117,NA,NA,"""Ebbe/Kampe Game Reserve"""
Falgore (Kogin Kano),7875,,Game Reserve,2,NGA,Africa,17,0,0,0,0,0,0,0,0,2,1,920,1969,44,"""Falgore (Kogin Kano) Game Reserve"""
Gilli-Gilli,7844,,Game Reserve,2,NGA,Africa,17,0,0,0,0,0,0,0,0,2,4,363,1960,53,"""Gilli-Gilli Game Reserve"""
Ibi,7852,,Game Reserve,2,NGA,Africa,17,0,0,0,0,0,0,0,0,2,4,1580,1972,41,"""Ibi Game Reserve"""
Ifon,7463,,Game Reserve,2,NGA,Africa,17,0,0,0,0,0,0,0,0,2,12,283,1990,23,"""Ifon Game Reserve"""
Iri-Ada-Obi,7841,,Game Reserve,2,NGA,Africa,17,0,0,0,0,0,0,0,0,2,0,NA,NA,NA,"""Iri-Ada-Obi Game Reserve"""
Kambari,11596,,Game Reserve,2,NGA,Africa,17,0,0,0,0,0,0,0,0,2,2,414,1969,44,"""Kambari Game Reserve"""
Kashimbila,11597,,Game Reserve,2,NGA,Africa,17,1,1,1,0,0,0,0,0,8,1,1396,1977,36,"""Kashimbila Game Reserve"""
Kuyambana,5156,,Game Reserve,2,NGA,Africa,17,0,0,0,0,0,0,0,0,2,0,2614,1971,42,"""Kuyambana Game Reserve"""
Kwale,11594,,Game Reserve,2,NGA,Africa,17,0,0,0,0,0,0,0,0,2,3,3,1960,53,"""Kwale Game Reserve"""
Lame-Burra,7860,,Game Reserve,2,NGA,Africa,17,0,0,0,0,0,0,0,0,2,17,2058,1972,41,"""Lame-Burra Game Reserve"""
Margadu-Kabak Wetlands,11604,,Game Reserve,2,NGA,Africa,17,0,0,0,0,0,0,0,0,2,0,100,NA,NA,"""Margadu-Kabak Wetlands Game Reserve"""
Meko,11599,,Game Reserve,2,NGA,Africa,17,0,0,0,0,0,0,0,0,2,0,966,NA,NA,"""Meko Game Reserve"""
Nguru/Adiani Wetlands,11605,,Game Reserve,2,NGA,Africa,17,0,0,0,0,0,0,0,0,2,0,75,NA,NA,"""Nguru/Adiani Wetlands Game Reserve"""
Num River,#N/A,,Game Reserve,2,NGA,Africa,17,0,0,0,0,0,0,0,0,2,0,97,NA,NA,"""Num River Game Reserve"""
Ohosu,7838,,Game Reserve,2,NGA,Africa,17,0,0,0,0,0,0,0,0,2,1,471,NA,NA,"""Ohosu Game Reserve"""
Okeleuse,#N/A,,Game Reserve,2,NGA,Africa,17,0,0,0,0,0,0,0,0,2,0,NA,NA,NA,"""Okeleuse Game Reserve"""
Okomu,7465,,Game Reserve,2,NGA,Africa,17,0,0,0,0,0,0,0,0,2,2,181,NA,NA,"""Okomu Game Reserve"""
Ologbo,7840,,Game Reserve,2,NGA,Africa,17,0,0,0,0,0,0,0,0,2,6,194,1981,32,"""Ologbo Game Reserve"""
Opanda,11603,,Game Reserve,2,NGA,Africa,17,0,0,0,0,0,0,0,0,2,0,105,NA,NA,"""Opanda Game Reserve"""
Opara,5177,,Game Reserve,2,NGA,Africa,17,0,0,0,0,0,0,0,0,2,6,2486,1973,40,"""Opara Game Reserve"""
Orle River,7843,,Game Reserve,2,NGA,Africa,17,0,0,0,0,0,0,0,0,2,4,1100,1960,53,"""Orle River Game Reserve"""
Pai River,7856,,Game Reserve,2,NGA,Africa,17,0,0,0,0,0,0,0,0,2,10,2486,1972,41,"""Pai River Game Reserve"""
Pandam,7855,,Game Reserve,2,NGA,Africa,17,0,0,0,0,0,0,0,0,2,15,224,1972,41,"""Pandam Game Reserve"""
Sambisa,7870,,Game Reserve,2,NGA,Africa,17,0,0,0,0,0,0,0,0,2,23,686,1978,35,"""Sambisa Game Reserve"""
Stubbs Creek,#N/A,,Game Reserve,2,NGA,Africa,17,0,0,0,0,0,0,0,0,2,1,100,NA,NA,"""Stubbs Creek Game Reserve"""
Taylor Creek,37001,,Game Reserve,2,NGA,Africa,17,0,0,0,0,0,0,0,0,2,1,NA,NA,NA,"""Taylor Creek Game Reserve"""
Udi/Nsukka,7846,,Game Reserve,2,NGA,Africa,17,0,0,0,0,0,0,0,0,2,2,56,1981,32,"""Udi/Nsukka Game Reserve"""
Wase,7853,,Game Reserve,2,NGA,Africa,17,0,0,0,0,0,0,0,0,2,2,1865,1972,41,"""Wase Game Reserve"""
Chad Basin,7861,,National Park,1,NGA,Africa,17,0,0,0,0,0,0,0,0,2,49,2300,1991,22,"""Chad Basin National Park"""
Cross River,20299,,National Park,1,NGA,Africa,17,1,2,1,1,0,0,0,0,10,619,4000,1991,22,"""Cross River National Park"""
Gashaka-Gumti,7873,,National Park,1,NGA,Africa,17,1,1,1,0,0,0,0,0,8,269,6730,1991,22,"""Gashaka-Gumti National Park"""
Gujba,36431,,National Park,1,NGA,Africa,17,0,0,0,0,0,0,0,0,2,0,448,NA,NA,"""Gujba National Park"""
Kainji Lake,819,,National Park,1,NGA,Africa,17,0,0,0,0,0,0,0,0,2,269,5380,1979,34,"""Kainji Lake National Park"""
Kamuku,7874,,National Park,1,NGA,Africa,17,0,0,0,0,0,0,0,0,2,22,1211,1999,14,"""Kamuku National Park"""
Kogo,36378,,National Park,1,NGA,Africa,17,0,0,0,0,0,0,0,0,2,0,4055,NA,NA,"""Kogo National Park"""
Old Oyo,26625,,National Park,1,NGA,Africa,17,0,0,0,0,0,0,0,0,2,114,2530,1991,22,"""Old Oyo National Park"""
Yankari,1332,,National Park,1,NGA,Africa,17,0,0,0,0,0,0,0,0,2,136,2254,1999,14,"""Yankari National Park"""
Lekki,26627,,Nature Reserve,2,NGA,Africa,17,0,0,0,0,0,0,0,0,2,1,1,NA,NA,"""Lekki Nature Reserve"""
Dagona,26626,,Sanctuary,2,NGA,Africa,17,0,0,0,0,0,0,0,0,2,6,3,2008,5,"""Dagona Sanctuary"""
Damper Sanctuary,#N/A,,Sanctuary,2,NGA,Africa,17,0,0,0,0,0,0,0,0,2,0,NA,NA,NA,"""Damper Sanctuary Sanctuary"""
Akure,20301,,Strict Nature Reserv,2,NGA,Africa,17,0,0,0,0,0,0,0,0,2,0,0,NA,NA,"""Akure Strict Nature Reserve"""
Bam Ngelzarma,20306,,Strict Nature Reserv,2,NGA,Africa,17,0,0,0,0,0,0,0,0,2,0,1,NA,NA,"""Bam Ngelzarma Strict Nature Reserve"""
Bonu,36621,,Strict Nature Reserv,2,NGA,Africa,17,0,0,0,0,0,0,0,0,2,0,NA,NA,NA,"""Bonu Strict Nature Reserve"""
Milliken Hill,#N/A,,Strict Nature Reserv,2,NGA,Africa,17,0,0,0,0,0,0,0,0,2,0,NA,NA,NA,"""Milliken Hill Strict Nature Reserve"""
Urhonigbe,20302,,Strict Nature Reserv,2,NGA,Africa,17,0,0,0,0,0,0,0,0,2,0,NA,NA,NA,"""Urhonigbe Strict Nature Reserve"""
Cyamudongo,#N/A,,Forest Reserve,2,RWA,Africa,18,1,1,1,0,0,0,0,0,8,0,3,NA,NA,"""Cyamudongo Forest Reserve"""
Gisakura Gallery,#N/A,,Forest Reserve,2,RWA,Africa,18,0,0,0,0,0,0,0,0,2,0,NA,NA,NA,"""Gisakura Gallery Forest Reserve"""
Gishwati,21416,,Forest Reserve,2,RWA,Africa,18,0,0,0,0,0,0,0,0,2,36,6,1933,80,"""Gishwati Forest Reserve"""
Mukura,21417,,Forest Reserve,2,RWA,Africa,18,0,0,0,0,0,0,0,0,2,5,12,1933,80,"""Mukura Forest Reserve"""
Akagera,862,,National Park,1,RWA,Africa,18,0,0,0,0,0,0,0,0,2,392,900,1934,79,"""Akagera National Park"""
Nyungwe,9148,,National Park,1,RWA,Africa,18,1,1,1,0,0,0,0,0,8,165,1030,1933,80,"""Nyungwe National Park"""
Parc des Volcans,#N/A,,National Park,1,RWA,Africa,18,1,1,0,0,1,0,0,0,3,0,125,1983,30,"""Parc des Volcans National Park"""
Maka-Diama,#N/A,,Hunting Reserve,2,SEN,Africa,19,0,0,0,0,0,0,0,0,2,0,NA,NA,NA,"""Maka-Diama Hunting Reserve"""
Reserve des _l_phants du Fleuv,#N/A,,International Park,2,SEN,Africa,19,0,0,0,0,0,0,0,0,2,0,NA,NA,NA,"""Reserve des _l_phants du Fleuv International Park"""
Senegambien,#N/A,,International Park,2,SEN,Africa,19,0,0,0,0,0,0,0,0,2,0,NA,NA,NA,"""Senegambien International Park"""
Basse-Casamance,#N/A,,National Park,1,SEN,Africa,19,0,0,0,0,0,0,0,0,2,17,50,1970,43,"""Basse-Casamance National Park"""
Delta du Saloum,#N/A,,National Park,1,SEN,Africa,19,0,0,0,0,0,0,0,0,2,41,599,1976,37,"""Delta du Saloum National Park"""
Djoudj,68151,,National Park,1,SEN,Africa,19,0,0,0,0,0,0,0,0,2,166,160,1977,36,"""Djoudj National Park"""
Iles de la Madeleine,#N/A,,National Park,1,SEN,Africa,19,0,0,0,0,0,0,0,0,2,1,0,NA,NA,"""Iles de la Madeleine National Park"""
Langue de Barbarie,#N/A,,National Park,1,SEN,Africa,19,0,0,0,0,0,0,0,0,2,14,20,1976,37,"""Langue de Barbarie National Park"""
Niokolo-Koba,#N/A,,National Park,1,SEN,Africa,19,1,1,1,0,0,0,0,0,8,366,9130,1954,59,"""Niokolo-Koba National Park"""
Kassel Special Bird,#N/A,,Nature Reserve,2,SEN,Africa,19,0,0,0,0,0,0,0,0,2,0,NA,NA,NA,"""Kassel Special Bird Nature Reserve"""
Kalissaye,#N/A,,Special Reserves,2,SEN,Africa,19,0,0,0,0,0,0,0,0,2,0,0,1978,35,"""Kalissaye Special Reserve"""
Ferlo-Nord,2333,,Wildlife Reserve,2,SEN,Africa,19,0,0,0,0,0,0,0,0,2,0,6000,1971,42,"""Ferlo-Nord Wildlife Reserve"""
Ferlo-Sud,2332,,Wildlife Reserve,2,SEN,Africa,19,0,0,0,0,0,0,0,0,2,0,6337,1972,41,"""Ferlo-Sud Wildlife Reserve"""
Gueumbeul,#N/A,,Wildlife Reserve,2,SEN,Africa,19,0,0,0,0,0,0,0,0,2,2,7,1986,27,"""Gueumbeul Wildlife Reserve"""
Ndiael,5178,,Wildlife Reserve,2,SEN,Africa,19,0,0,0,0,0,0,0,0,2,1,489,NA,NA,"""Ndiael Wildlife Reserve"""
Popenguine,#N/A,,Wildlife Reserve,2,SEN,Africa,19,0,0,0,0,0,0,0,0,2,0,10,1986,27,"""Popenguine Wildlife Reserve"""
Dindefello Special Faunal and,#N/A,,#NULL!,2,SEN,Africa,19,0,0,0,0,0,0,0,0,2,0,NA,NA,NA,"""Dindefello Nature Reserve"""
Gboi Hills,29990,,Forest Reserve,2,SLE,Africa,20,1,1,1,0,0,0,0,0,8,0,2,NA,NA,"""Gboi Hills Forest Reserve"""
Kangari Hills,5180,,Forest Reserve,2,SLE,Africa,20,1,1,1,0,0,0,0,0,8,4,86,1924,89,"""Kangari Hills Forest Reserve"""
Tama,7403,,Forest Reserve,2,SLE,Africa,20,1,1,1,0,0,0,0,0,8,10,170,1926,87,"""Tama Forest Reserve"""
Tingi Hills,#N/A,,Forest Reserve,2,SLE,Africa,20,1,1,1,0,0,0,0,0,8,2,NA,NA,NA,"""Tingi Hills Forest Reserve"""
Western Area,5179,,Forest Reserve,2,SLE,Africa,20,0,0,0,0,0,0,0,0,2,19,177,1916,97,"""Western Area Forest Reserve"""
Tiwai Island,10741,,Game Sanctuaries,2,SLE,Africa,20,0,0,0,0,0,0,0,0,2,0,12,1987,26,"""Tiwai Island Game Sanctuaries"""
Bumpe Mangrove Swamp,#N/A,,Game Sanctuary,2,SLE,Africa,20,0,0,0,0,0,0,0,0,2,1,49,NA,NA,"""Bumpe Mangrove Swamp Game Sanctuary"""
Kuru Hills,10733,,National Park,1,SLE,Africa,20,1,1,1,0,0,0,0,0,8,0,70,NA,NA,"""Kuru Hills National Park"""
Loma Mountains,8517,,National Park,1,SLE,Africa,20,1,1,1,0,0,0,0,0,8,1,332,NA,NA,"""Loma Mountains National Park"""
Outamba-Kilimi,7417,,National Park,1,SLE,Africa,20,1,1,1,0,0,0,0,0,8,55,808,1986,27,"""Outamba-Kilimi National Park"""
Bonthe Mangrove Swamp,#N/A,,Nature Reserve,2,SLE,Africa,20,0,0,0,0,0,0,0,0,2,1,999,NA,NA,"""Bonthe Mangrove Swamp Nature Reserve"""
Sulima Mangrove Swamp,#N/A,,Strict Nature Reserve,2,SLE,Africa,20,0,0,0,0,0,0,0,0,2,0,26,NA,NA,"""Sulima Mangrove Swamp Strict Nature Reserve"""
Yelibuya Island,#N/A,,Strict Nature Reserve,2,SLE,Africa,20,0,0,0,0,0,0,0,0,2,0,39,NA,NA,"""Yelibuya Island Strict Nature Reserve"""
Gebel Elba Area,#N/A,,Conservation Areas,2,SDN,Africa,21,0,0,0,0,0,0,0,0,2,0,NA,NA,NA,"""Gebel Elba Area Conservation Areas"""
Abroch,#N/A,,Game Reserve,2,SDN,Africa,21,0,0,0,0,0,0,0,0,2,0,NA,NA,NA,"""Abroch Game Reserve"""
Ashana,1373,,Game Reserve,2,SDN,Africa,21,0,0,0,0,0,0,0,0,2,5,900,1939,74,"""Ashana Game Reserve"""
Barizunga,#N/A,,Game Reserve,2,SDN,Africa,21,0,0,0,0,0,0,0,0,2,0,NA,NA,NA,"""Barizunga Game Reserve"""
Bengangai,1370,,Game Reserve,2,SDN,Africa,21,1,1,1,0,0,0,0,0,8,2,170,1939,74,"""Bengangai Game Reserve"""
Bire Kpatuos,#N/A,,Game Reserve,2,SDN,Africa,21,0,0,0,0,0,0,0,0,2,2,NA,NA,NA,"""Bire Kpatuos Game Reserve"""
Boro,10736,,Game Reserve,2,SDN,Africa,21,0,0,0,0,0,0,0,0,2,5,1500,NA,NA,"""Boro Game Reserve"""
Chelkou,10735,,Game Reserve,2,SDN,Africa,21,0,0,0,0,0,0,0,0,2,4,5500,1939,74,"""Chelkou Game Reserve"""
Ez Zeraf,1368,,Game Reserve,2,SDN,Africa,21,0,0,0,0,0,0,0,0,2,0,9700,1939,74,"""Ez Zeraf Game Reserve"""
Fanikang,#N/A,,Game Reserve,2,SDN,Africa,21,0,0,0,0,0,0,0,0,2,0,NA,NA,NA,"""Fanikang Game Reserve"""
Jebel Gurgei Massif,#N/A,,Game Reserve,2,SDN,Africa,21,0,0,0,0,0,0,0,0,2,0,100,NA,NA,"""Jebel Gurgei Massif Game Reserve"""
Juba,1374,,Game Reserve,2,SDN,Africa,21,0,0,0,0,0,0,0,0,2,1,200,1939,74,"""Juba Game Reserve"""
Kidepo,1369,,Game Reserve,2,SDN,Africa,21,0,0,0,0,0,0,0,0,2,13,1200,1975,38,"""Kidepo Game Reserve"""
Mashra,10738,,Game Reserve,2,SDN,Africa,21,0,0,0,0,0,0,0,0,2,1,4500,NA,NA,"""Mashra Game Reserve"""
Mbarizunga,1377,,Game Reserve,2,SDN,Africa,21,1,1,1,0,0,0,0,0,8,2,10,1939,74,"""Mbarizunga Game Reserve"""
Mongalla,1378,,Game Reserve,2,SDN,Africa,21,0,0,0,0,0,0,0,0,2,1,75,1939,74,"""Mongalla Game Reserve"""
Numatina,1367,,Game Reserve,2,SDN,Africa,21,0,0,0,0,0,0,0,0,2,4,2100,1939,74,"""Numatina Game Reserve"""
Rahad,#N/A,,Game Reserve,2,SDN,Africa,21,0,0,0,0,0,0,0,0,2,11,3500,NA,NA,"""Rahad Game Reserve"""
Red Sea Hills,#N/A,,Game Reserve,2,SDN,Africa,21,0,0,0,0,0,0,0,0,2,0,NA,NA,NA,"""Red Sea Hills Game Reserve"""
Sabaloka,18751,,Game Reserve,2,SDN,Africa,21,0,0,0,0,0,0,0,0,2,5,1160,1946,67,"""Sabaloka Game Reserve"""
Tokar,#N/A,,Game Reserve,2,SDN,Africa,21,0,0,0,0,0,0,0,0,2,6,6300,1939,74,"""Tokar Game Reserve"""
Wadi Howar,#N/A,,Game Reserve,2,SDN,Africa,21,0,0,0,0,0,0,0,0,2,0,100000,NA,NA,"""Wadi Howar Game Reserve"""
Mukawwar,#N/A,,Managed Nature Reser,2,SDN,Africa,21,0,0,0,0,0,0,0,0,2,0,300,NA,NA,"""Mukawwar Managed Nature Reser"""
Port Sudan,#N/A,,Marine National Park,2,SDN,Africa,21,0,0,0,0,0,0,0,0,2,3,1000,NA,NA,"""Port Sudan Marine National Park"""
Sanganeb,#N/A,,Marine National Park,2,SDN,Africa,21,0,0,0,0,0,0,0,0,2,9,12,1991,22,"""Sanganeb Marine National Park"""
Bandingilo,#N/A,,National Park,1,SDN,Africa,21,0,0,0,0,0,0,0,0,2,2,16500,1986,27,"""Bandingilo National Park"""
Boma,1371,,National Park,1,SDN,Africa,21,0,0,0,0,0,0,0,0,2,42,22800,1986,27,"""Boma National Park"""
Dinder,2336,,National Park,1,SDN,Africa,21,0,0,0,0,0,0,0,0,2,184,10000,1935,78,"""Dinder National Park"""
Jebel Hassania,317310,,National Park,1,SDN,Africa,21,0,0,0,0,0,0,0,0,2,1,10000,2003,10,"""Jebel Hassania National Park"""
Lantoto,10737,,National Park,1,SDN,Africa,21,1,1,1,0,0,0,0,0,8,9,760,NA,NA,"""Lantoto National Park"""
Nimule,904,,National Park,1,SDN,Africa,21,0,0,0,0,0,0,0,0,2,31,410,1954,59,"""Nimule National Park"""
Radom,5090,,National Park,1,SDN,Africa,21,0,0,0,0,0,0,0,0,2,22,12500,1980,33,"""Radom National Park"""
Shambe,1372,,National Park,1,SDN,Africa,21,0,0,0,0,0,0,0,0,2,4,620,1985,28,"""Shambe National Park"""
Suakin Archipelago,#N/A,,National Park,1,SDN,Africa,21,0,0,0,0,0,0,0,0,2,2,1500,NA,NA,"""Suakin Archipelago National Park"""
Imatong Mountains,14089,,Nature Conservation,2,SDN,Africa,21,0,0,0,0,0,0,0,0,2,1,1000,NA,NA,"""Imatong Mountains Nature Conservation"""
Jebel Elba,18757,,Nature Conservation,2,SDN,Africa,21,0,0,0,0,0,0,0,0,2,1,4800,NA,NA,"""Jebel Elba Nature Conservation"""
Jebel Marra massif,14090,,Nature Conservation,2,SDN,Africa,21,0,0,0,0,0,0,0,0,2,1,1500,NA,NA,"""Jebel Marra massif Nature Conservation"""
Lake Ambadi,18758,,Nature Conservation,2,SDN,Africa,21,0,0,0,0,0,0,0,0,2,1,1500,NA,NA,"""Lake Ambadi Nature Conservation"""
Lake No,18759,,Nature Conservation,2,SDN,Africa,21,0,0,0,0,0,0,0,0,2,1,1000,NA,NA,"""Lake No Nature Conservation"""
Erkawit,18752,,Wildlife Sanctuary,2,SDN,Africa,21,0,0,0,0,0,0,0,0,2,0,820,1939,74,"""Erkawit Wildlife Sanctuary"""
Erkawit Sinkat,18753,,Wildlife Sanctuary,2,SDN,Africa,21,0,0,0,0,0,0,0,0,2,0,120,1939,74,"""Erkawit Sinkat Wildlife Sanctuary"""
Khartoum,#N/A,,Wildlife Sanctuary,2,SDN,Africa,21,0,0,0,0,0,0,0,0,2,0,NA,NA,NA,"""Khartoum Wildlife Sanctuary"""
Buhuka,#N/A,,Controlled Hunting A,2,UGA,Africa,22,0,0,0,0,0,0,0,0,2,0,321,1994,19,"""Buhuka Controlled Hunting A"""
East Teso,#N/A,,Controlled Hunting A,2,UGA,Africa,22,0,0,0,0,0,0,0,0,2,0,NA,NA,NA,"""East Teso Controlled Hunting A"""
Karamoja,#N/A,,Controlled Hunting A,2,UGA,Africa,22,0,0,0,0,0,0,0,0,2,0,NA,NA,NA,"""Karamoja Controlled Hunting A"""
Lipan,#N/A,,Controlled Hunting A,2,UGA,Africa,22,0,0,0,0,0,0,0,0,2,0,NA,NA,NA,"""Lipan Controlled Hunting A"""
North Karamoja,#N/A,,Controlled Hunting A,2,UGA,Africa,22,0,0,0,0,0,0,0,0,2,0,NA,NA,NA,"""North Karamoja Controlled Hunting A"""
North Teso,#N/A,,Controlled Hunting A,2,UGA,Africa,22,0,0,0,0,0,0,0,0,2,0,NA,NA,NA,"""North Teso Controlled Hunting A"""
Sebei,#N/A,,Controlled Hunting A,2,UGA,Africa,22,1,1,1,0,0,0,0,0,8,0,NA,NA,NA,"""Sebei Controlled Hunting A"""
South Karamoja,#N/A,,Controlled Hunting A,2,UGA,Africa,22,1,1,1,0,0,0,0,0,8,0,NA,NA,NA,"""South Karamoja Controlled Hunting A"""
West Madi,#N/A,,Controlled Hunting A,2,UGA,Africa,22,0,0,0,0,0,0,0,0,2,0,NA,NA,NA,"""West Madi Controlled Hunting A"""
Mt Elgon Forest Park,#N/A,,Forest Parks,2,UGA,Africa,22,0,0,0,0,0,0,0,0,2,0,NA,2005,8,"""Mt Elgon Forest Park Forest Parks"""
Budongo,#N/A,,Forest Reserve,2,UGA,Africa,22,1,1,1,0,0,0,0,0,8,1120,428,NA,NA,"""Budongo Forest Reserve"""
Bugoma,#N/A,,Forest Reserve,2,UGA,Africa,22,1,1,1,0,0,0,0,0,8,24,401,NA,NA,"""Bugoma Forest Reserve"""
Kalinzu,#N/A,,Forest Reserve,2,UGA,Africa,22,1,1,1,0,0,0,0,0,8,125,NA,NA,NA,"""Kalinzu Forest Reserve"""
Maramagambo,#N/A,,Forest Reserve,2,UGA,Africa,22,1,1,1,0,0,0,0,0,8,12,NA,NA,NA,"""Maramagambo Forest Reserve"""
Ajai,1445,,Game Reserve,2,UGA,Africa,22,0,0,0,0,0,0,0,0,2,4,148,1965,48,"""Ajai Game Reserve"""
Bokora Corridor,1436,,Game Reserve,2,UGA,Africa,22,0,0,0,0,0,0,0,0,2,0,1816,1967,46,"""Bokora Corridor Game Reserve"""
Bugungu,1438,,Game Reserve,2,UGA,Africa,22,0,0,0,0,0,0,0,0,2,16,473,1968,45,"""Bugungu Game Reserve"""
Igwe,#N/A,,Game Reserve,2,UGA,Africa,22,0,0,0,0,0,0,0,0,2,0,NA,NA,NA,"""Igwe Game Reserve"""
Karuma,1439,,Game Reserve,2,UGA,Africa,22,0,0,0,0,0,0,0,0,2,12,675,1964,49,"""Karuma Game Reserve"""
Katonga,1444,,Game Reserve,2,UGA,Africa,22,0,0,0,0,0,0,0,0,2,15,NA,NA,NA,"""Katonga Game Reserve"""
Kigezi,1443,,Game Reserve,2,UGA,Africa,22,1,1,1,0,0,0,0,0,8,57,265,1952,61,"""Kigezi Game Reserve"""
Kyambura,1446,,Game Reserve,2,UGA,Africa,22,1,1,1,0,0,0,0,0,8,54,154,1965,48,"""Kyambura Game Reserve"""
Lomunga,313112,,Game Reserve,2,UGA,Africa,22,0,0,0,0,0,0,0,0,2,1,184,NA,NA,"""Lomunga Game Reserve"""
Matheniko,1437,,Game Reserve,2,UGA,Africa,22,0,0,0,0,0,0,0,0,2,3,1757,1964,49,"""Matheniko Game Reserve"""
Pian Upe,1435,,Game Reserve,2,UGA,Africa,22,0,0,0,0,0,0,0,0,2,15,2304,1964,49,"""Pian Upe Game Reserve"""
Toro-Semliki,#N/A,,Game Reserve,2,UGA,Africa,22,1,1,1,0,0,0,0,0,8,1,542,1929,84,"""Toro-Semliki Game Reserve"""
Zoka,#N/A,,Game Reserve,2,UGA,Africa,22,0,0,0,0,0,0,0,0,2,0,NA,NA,NA,"""Zoka Game Reserve"""
Bwindi Impenetrable Forest,#N/A,,National Park,1,UGA,Africa,22,1,2,1,0,1,0,0,0,9,189,327,1991,22,"""Bwindi Impenetrable Forest National Park"""
Kibale,40002,,National Park,1,UGA,Africa,22,1,1,1,0,0,0,0,0,8,3370,766,NA,NA,"""Kibale National Park"""
Kidepo Valley,958,,National Park,1,UGA,Africa,22,0,0,0,0,0,0,0,0,2,228,1430,1962,51,"""Kidepo Valley National Park"""
Lake Mburo,1441,,National Park,1,UGA,Africa,22,0,0,0,0,0,0,0,0,2,615,370,1982,31,"""Lake Mburo National Park"""
Masindi,#N/A,,National Park,1,UGA,Africa,22,1,1,1,0,0,0,0,0,8,0,NA,NA,NA,"""Masindi National Park"""
Mgahinga Gorilla,313109,,National Park,1,UGA,Africa,22,1,1,0,0,1,0,0,0,3,345,38,1930,83,"""Mgahinga Gorilla National Park"""
Mount Elgon,760,,National Park,1,UGA,Africa,22,0,0,0,0,0,0,0,0,2,319,1110,1951,62,"""Mount Elgon National Park"""
Murchison Falls,956,,National Park,1,UGA,Africa,22,1,1,1,0,0,0,0,0,8,816,3877,1952,61,"""Murchison Falls National Park"""
Queen Elizabeth,#N/A,,National Park,1,UGA,Africa,22,1,1,1,0,0,0,0,0,8,1720,2056,1952,61,"""Queen Elizabeth National Park"""
Rwenzori Mountains,18438,,National Park,1,UGA,Africa,22,0,0,0,0,0,0,0,0,2,177,995,1991,22,"""Rwenzori Mountains National Park"""
Semliki,#N/A,,National Park,1,UGA,Africa,22,1,1,1,0,0,0,0,0,8,51,220,1993,20,"""Semliki National Park"""
Amudat,313096,,Nature Reserve,2,UGA,Africa,22,0,0,0,0,0,0,0,0,2,0,2053,2002,11,"""Amudat Nature Reserve"""
Iriri,313105,,Nature Reserve,2,UGA,Africa,22,0,0,0,0,0,0,0,0,2,0,1046,2002,11,"""Iriri Nature Reserve"""
Kabwoya,313110,,Nature Reserve,2,UGA,Africa,22,0,0,0,0,0,0,0,0,2,0,87,NA,NA,"""Kabwoya Nature Reserve"""
Kasagala,#N/A,,Nature Reserve,2,UGA,Africa,22,0,0,0,0,0,0,0,0,2,0,NA,NA,NA,"""Kasagala Nature Reserve"""
Kisanju,#N/A,,Nature Reserve,2,UGA,Africa,22,0,0,0,0,0,0,0,0,2,0,NA,NA,NA,"""Kisanju Nature Reserve"""
Maruzi Hills,#N/A,,Nature Reserve,2,UGA,Africa,22,0,0,0,0,0,0,0,0,2,0,NA,NA,NA,"""Maruzi Hills Nature Reserve"""
Ngogo,#N/A,,Nature Reserve,2,UGA,Africa,22,0,0,0,0,0,0,0,0,2,1,NA,NA,NA,"""Ngogo Nature Reserve"""
North Mabira,#N/A,,Nature Reserve,2,UGA,Africa,22,0,0,0,0,0,0,0,0,2,0,NA,NA,NA,"""North Mabira Nature Reserve"""
Ntendure Hill,#N/A,,Nature Reserve,2,UGA,Africa,22,0,0,0,0,0,0,0,0,2,0,NA,NA,NA,"""Ntendure Hill Nature Reserve"""
Nyakafunjo,#N/A,,Nature Reserve,2,UGA,Africa,22,0,0,0,0,0,0,0,0,2,6,NA,NA,NA,"""Nyakafunjo Nature Reserve"""
Rkungiri,#N/A,,Nature Reserve,2,UGA,Africa,22,0,0,0,0,0,0,0,0,2,0,NA,NA,NA,"""Rkungiri Nature Reserve"""
Waibira,#N/A,,Nature Reserve,2,UGA,Africa,22,0,0,0,0,0,0,0,0,2,0,NA,NA,NA,"""Waibira Nature Reserve"""
Wambabya,#N/A,,Nature Reserve,2,UGA,Africa,22,0,0,0,0,0,0,0,0,2,0,NA,NA,NA,"""Wambabya Nature Reserve"""
West Bugwe,#N/A,,Nature Reserve,2,UGA,Africa,22,0,0,0,0,0,0,0,0,2,0,NA,NA,NA,"""West Bugwe Nature Reserve"""
Bigodi Wetland,#N/A,,Sanctuary,2,UGA,Africa,22,1,1,1,0,0,0,0,0,8,16,NA,NA,NA,"""Bigodi Wetland Sanctuary"""
East Madi,#N/A,,Wildlife Reserve,2,UGA,Africa,22,0,0,0,0,0,0,0,0,2,1,NA,NA,NA,"""East Madi Wildlife Reserve"""
Kaiso Tonya,9186,,Wildlife Reserve,2,UGA,Africa,22,0,0,0,0,0,0,0,0,2,1,107,2002,11,"""Kaiso Tonya Wildlife Reserve"""
Menai Bay,#N/A,,Conservation Areas,2,TZA,Africa,23,0,0,0,0,0,0,0,0,2,2,NA,NA,NA,"""Menai Bay Conservation Areas"""
Misali Island,#N/A,,Conservation Areas,2,TZA,Africa,23,0,0,0,0,0,0,0,0,2,0,23,1998,15,"""Misali Island Conservation Areas"""
Mnemba,#N/A,,Conservation Areas,2,TZA,Africa,23,0,0,0,0,0,0,0,0,2,0,NA,NA,NA,"""Mnemba Conservation Areas"""
Ngorongoro,918,,Conservation Areas,2,TZA,Africa,23,0,0,0,0,0,0,0,0,2,13,8288,1959,54,"""Ngorongoro Conservation Areas"""
Kalambo River,301623,,Forest Reserve,2,TZA,Africa,23,1,1,1,0,0,0,0,0,8,0,475,1957,56,"""Kalambo River Forest Reserve"""
Luche,#N/A,,Forest Reserve,2,TZA,Africa,23,1,1,1,0,0,0,0,0,8,0,NA,NA,NA,"""Luche Forest Reserve"""
Lwazi River,#N/A,,Forest Reserve,2,TZA,Africa,23,1,1,1,0,0,0,0,0,8,0,NA,NA,NA,"""Lwazi River Forest Reserve"""
Miele,#N/A,,Forest Reserve,2,TZA,Africa,23,1,1,1,0,0,0,0,0,8,0,NA,NA,NA,"""Miele Forest Reserve"""
Mkuti,#N/A,,Forest Reserve,2,TZA,Africa,23,1,1,1,0,0,0,0,0,8,3,NA,NA,NA,"""Mkuti Forest Reserve"""
Mpanda State,#N/A,,Forest Reserve,2,TZA,Africa,23,1,1,1,0,0,0,0,0,8,0,4413,1955,58,"""Mpanda State Forest Reserve"""
Tongwe East,301525,,Forest Reserve,2,TZA,Africa,23,1,1,1,0,0,0,0,0,8,20,6697,NA,NA,"""Tongwe East Forest Reserve"""
Uvinza,301493,,Forest Reserve,2,TZA,Africa,23,1,1,1,0,0,0,0,0,8,1,166,1954,59,"""Uvinza Forest Reserve"""
Biharamulo,7432,,Game Reserve,2,TZA,Africa,23,0,0,0,0,0,0,0,0,2,9,1300,1959,54,"""Biharamulo Game Reserve"""
Burigi,7519,,Game Reserve,2,TZA,Africa,23,0,0,0,0,0,0,0,0,2,16,2200,1973,40,"""Burigi Game Reserve"""
Grumeti,31595,,Game Reserve,2,TZA,Africa,23,0,0,0,0,0,0,0,0,2,68,41189,1993,20,"""Grumeti Game Reserve"""
Ibanda,7884,,Game Reserve,2,TZA,Africa,23,0,0,0,0,0,0,0,0,2,6,200,1972,41,"""Ibanda Game Reserve"""
Ikorongo,32811,,Game Reserve,2,TZA,Africa,23,0,0,0,0,0,0,0,0,2,63,603,1993,20,"""Ikorongo Game Reserve"""
Kigosi,32810,,Game Reserve,2,TZA,Africa,23,0,0,0,0,0,0,0,0,2,9,7000,1983,30,"""Kigosi Game Reserve"""
Kijereshi,#N/A,,Game Reserve,2,TZA,Africa,23,0,0,0,0,0,0,0,0,2,5,NA,NA,NA,"""Kijereshi Game Reserve"""
Kizigo,7883,,Game Reserve,2,TZA,Africa,23,0,0,0,0,0,0,0,0,2,7,400,1972,41,"""Kizigo Game Reserve"""
Maswa,7437,,Game Reserve,2,TZA,Africa,23,0,0,0,0,0,0,0,0,2,148,2200,1969,44,"""Maswa Game Reserve"""
Mkomazi,1402,,Game Reserve,2,TZA,Africa,23,0,0,0,0,0,0,0,0,2,985,3245,1951,62,"""Mkomazi Game Reserve"""
Mkungunero,303330,,Game Reserve,2,TZA,Africa,23,0,0,0,0,0,0,0,0,2,16,NA,NA,NA,"""Mkungunero Game Reserve"""
Mount Meru,7886,,Game Reserve,2,TZA,Africa,23,0,0,0,0,0,0,0,0,2,3,3000,1951,62,"""Mount Meru Game Reserve"""
Moyowosi,7505,,Game Reserve,2,TZA,Africa,23,0,0,0,0,0,0,0,0,2,17,6000,1969,44,"""Moyowosi Game Reserve"""
Muhesi,#N/A,,Game Reserve,2,TZA,Africa,23,0,0,0,0,0,0,0,0,2,10,NA,NA,NA,"""Muhesi Game Reserve"""
Northern Kahama,303332,,Game Reserve,2,TZA,Africa,23,0,0,0,0,0,0,0,0,2,0,NA,NA,NA,"""Northern Kahama Game Reserve"""
Pande,303333,,Game Reserve,2,TZA,Africa,23,0,0,0,0,0,0,0,0,2,27,NA,NA,NA,"""Pande Game Reserve"""
Rumanyika,7885,,Game Reserve,2,TZA,Africa,23,0,0,0,0,0,0,0,0,2,3,800,1965,48,"""Rumanyika Game Reserve"""
Rungwa,7438,,Game Reserve,2,TZA,Africa,23,0,0,0,0,0,0,0,0,2,51,9000,1951,62,"""Rungwa Game Reserve"""
Saanane Island,31594,,Game Reserve,2,TZA,Africa,23,0,0,0,0,0,0,0,0,2,7,1,1964,49,"""Saanane Island Game Reserve"""
Selous,1399,,Game Reserve,2,TZA,Africa,23,0,0,0,0,0,0,0,0,2,1500,44000,1905,108,"""Selous Game Reserve"""
Swaga Swaga,303334,,Game Reserve,2,TZA,Africa,23,0,0,0,0,0,0,0,0,2,3,NA,NA,NA,"""Swaga Swaga Game Reserve"""
Ugalla River,301519,,Game Reserve,2,TZA,Africa,23,1,1,1,0,0,0,0,0,8,14,3916,NA,NA,"""Ugalla River Game Reserve"""
Umba,7433,,Game Reserve,2,TZA,Africa,23,0,0,0,0,0,0,0,0,2,9,1500,1974,39,"""Umba Game Reserve"""
Usangu,303337,,Game Reserve,2,TZA,Africa,23,0,0,0,0,0,0,0,0,2,74,NA,NA,NA,"""Usangu Game Reserve"""
Uwanda,7502,,Game Reserve,2,TZA,Africa,23,0,0,0,0,0,0,0,0,2,10,5000,1959,54,"""Uwanda Game Reserve"""
Mafia Island,#N/A,,Marine Park,2,TZA,Africa,23,0,0,0,0,0,0,0,0,2,417,822,1995,18,"""Mafia Island Marine Park"""
Mnazi Bay-Ruvuma Estuary,#N/A,,Marine Park,2,TZA,Africa,23,0,0,0,0,0,0,0,0,2,103,650,2000,13,"""Mnazi Bay-Ruvuma Estuary Marine Park"""
Bongoyo Island,#N/A,,Marine Reserve,2,TZA,Africa,23,0,0,0,0,0,0,0,0,2,6,NA,NA,NA,"""Bongoyo Island Marine Reserve"""
Chole Bay,#N/A,,Marine Reserve,2,TZA,Africa,23,0,0,0,0,0,0,0,0,2,2,NA,NA,NA,"""Chole Bay Marine Reserve"""
Dar es Salaam,#N/A,,Marine Reserve,2,TZA,Africa,23,0,0,0,0,0,0,0,0,2,22,26,1975,38,"""Dar es Salaam Marine Reserve"""
Fungu Yasini,#N/A,,Marine Reserve,2,TZA,Africa,23,0,0,0,0,0,0,0,0,2,9,0,NA,NA,"""Fungu Yasini Marine Reserve"""
Maziwi Island,#N/A,,Marine Reserve,2,TZA,Africa,23,0,0,0,0,0,0,0,0,2,7,0,1981,32,"""Maziwi Island Marine Reserve"""
Mbudya,#N/A,,Marine Reserve,2,TZA,Africa,23,0,0,0,0,0,0,0,0,2,10,0,NA,NA,"""Mbudya Marine Reserve"""
Pangavini,#N/A,,Marine Reserve,2,TZA,Africa,23,0,0,0,0,0,0,0,0,2,8,0,NA,NA,"""Pangavini Marine Reserve"""
Tutia Island,#N/A,,Marine Reserve,2,TZA,Africa,23,0,0,0,0,0,0,0,0,2,2,NA,NA,NA,"""Tutia Island Marine Reserve"""
Arusha,925,,National Park,1,TZA,Africa,23,0,0,0,0,0,0,0,0,2,502,32840,1960,53,"""Arusha National Park"""
Gombe,926,,National Park,1,TZA,Africa,23,1,1,1,0,0,0,0,0,8,3290,52,1968,45,"""Gombe National Park"""
Katavi,921,,National Park,1,TZA,Africa,23,0,0,0,0,0,0,0,0,2,210,4471,1974,39,"""Katavi National Park"""
Kitulo Plateau,350003,,National Park,1,TZA,Africa,23,0,0,0,0,0,0,0,0,2,5,465,2005,8,"""Kitulo Plateau National Park"""
Lake Manyara,924,,National Park,1,TZA,Africa,23,0,0,0,0,0,0,0,0,2,865,649,1960,53,"""Lake Manyara National Park"""
Mahale Mountains,#N/A,,National Park,1,TZA,Africa,23,1,1,1,0,0,0,0,0,8,1060,1613,1980,33,"""Mahale Mountains National Park"""
Mikumi,919,,National Park,1,TZA,Africa,23,0,0,0,0,0,0,0,0,2,822,3230,1964,49,"""Mikumi National Park"""
Mount Kilimanjaro,#N/A,,National Park,1,TZA,Africa,23,0,0,0,0,0,0,0,0,2,43,1832,1973,40,"""Mount Kilimanjaro National Park"""
Ruaha,917,,National Park,1,TZA,Africa,23,0,0,0,0,0,0,0,0,2,810,20300,1964,49,"""Ruaha National Park"""
Rubondo Island,#N/A,,National Park,1,TZA,Africa,23,1,1,1,0,0,0,0,0,8,77,457,1977,36,"""Rubondo Island National Park"""
Saadani,7434,,National Park,1,TZA,Africa,23,0,0,0,0,0,0,0,0,2,127,1062,1969,44,"""Saadani National Park"""
Serengeti,916,,National Park,1,TZA,Africa,23,0,0,0,0,0,0,0,0,2,4880,14763,1951,62,"""Serengeti National Park"""
Tarangire,920,,National Park,1,TZA,Africa,23,0,0,0,0,0,0,0,0,2,688,2850,1970,43,"""Tarangire National Park"""
Udzungwa Mountains,19297,,National Park,1,TZA,Africa,23,0,0,0,0,0,0,0,0,2,229,1990,1992,21,"""Udzungwa Mountains National Park"""
Amani,127827,,Nature Reserve,2,TZA,Africa,23,0,0,0,0,0,0,0,0,2,334,84,1997,16,"""Amani Nature Reserve"""
Chumbe Island Coral Park,#N/A,,Nature Reserve,2,TZA,Africa,23,0,0,0,0,0,0,0,0,2,0,1,1991,22,"""Chumbe Island Coral Park Nature Reserve"""